player_id,player_name,pass_touchdown,rush_touchdown,rec_touchdown,passing_yards,rushing_yards,receiving_yards,receptions,targets,interception,fumble_lost,two_point_pass_success,two_point_rush_success,two_point_rec_success,kick_return_touchdown,punt_return_touchdown,fg_made_0-39,fg_made_40-49,fg_made_50-59,fg_made_60+,fg_missed_0-39,fg_missed_40-49,fg_missed_50-59,fg_missed_60+,pat_made,pat_missed,fppr,hppr
00-0023459,A.Rodgers,0.0,0.0,0.0,0.0,0.0,0.0,0.0,0.0,0.0,0.0,0.0,0.0,0.0,0.0,0.0,0.0,0.0,0.0,0.0,0.0,0.0,0.0,0.0,0.0,0.0,0.0,0.0
00-0023853,M.Prater,0.0,0.0,0.0,0.0,0.0,0.0,0.0,0.0,0.0,0.0,0.0,0.0,0.0,0.0,0.0,13.0,6.0,8.0,1.0,1.0,1.0,3.0,0.0,22.0,1.0,126.0,126.0
00-0024243,M.Lewis,0.0,0.0,1.0,0.0,0.0,29.0,4.0,5.0,0.0,0.0,0.0,0.0,0.0,0.0,0.0,0.0,0.0,0.0,0.0,0.0,0.0,0.0,0.0,0.0,0.0,12.900000095367432,12.900000095367432
00-0025565,N.Folk,0.0,0.0,0.0,0.0,0.0,0.0,0.0,0.0,0.0,0.0,0.0,0.0,0.0,0.0,0.0,18.0,6.0,5.0,0.0,0.0,0.0,1.0,0.0,28.0,2.0,130.0,130.0
00-0025580,M.Crosby,0.0,0.0,0.0,0.0,0.0,0.0,0.0,0.0,0.0,0.0,0.0,0.0,0.0,0.0,0.0,4.0,0.0,1.0,0.0,0.0,1.0,1.0,0.0,6.0,1.0,21.0,21.0
00-0026158,J.Flacco,13.0,0.0,0.0,1616.0,2.0,0.0,0.0,0.0,8.0,1.0,1.0,0.0,0.0,0.0,0.0,0.0,0.0,0.0,0.0,0.0,0.0,0.0,0.0,0.0,0.0,100.83999939262867,100.83999939262867
00-0026498,M.Stafford,24.0,0.0,0.0,3965.0,65.0,0.0,0.0,1.0,11.0,0.0,1.0,0.0,1.0,0.0,0.0,0.0,0.0,0.0,0.0,0.0,0.0,0.0,0.0,0.0,0.0,243.09999084472656,243.09999084472656
00-0026625,B.Hoyer,0.0,0.0,0.0,231.0,-3.0,0.0,0.0,0.0,2.0,0.0,0.0,0.0,0.0,0.0,0.0,0.0,0.0,0.0,0.0,0.0,0.0,0.0,0.0,0.0,0.0,4.939999759197235,4.939999759197235
00-0026858,G.Gano,0.0,0.0,0.0,0.0,0.0,0.0,0.0,0.0,0.0,0.0,0.0,0.0,0.0,0.0,0.0,5.0,3.0,3.0,0.0,2.0,3.0,1.0,0.0,8.0,0.0,44.0,44.0
00-0027114,T.Morstead,0.0,0.0,0.0,18.0,0.0,0.0,0.0,0.0,0.0,0.0,0.0,0.0,0.0,0.0,0.0,0.0,0.0,0.0,0.0,0.0,0.0,0.0,0.0,0.0,0.0,0.7199999690055847,0.7199999690055847
00-0027696,J.Graham,0.0,0.0,4.0,0.0,0.0,39.0,6.0,7.0,0.0,0.0,0.0,0.0,0.0,0.0,0.0,0.0,0.0,0.0,0.0,0.0,0.0,0.0,0.0,0.0,0.0,33.90000009536743,33.90000009536743
00-0027944,J.Jones,0.0,0.0,3.0,0.0,0.0,74.0,11.0,19.0,0.0,0.0,0.0,0.0,0.0,0.0,0.0,0.0,0.0,0.0,0.0,0.0,0.0,0.0,0.0,0.0,0.0,36.40000009536743,36.40000009536743
00-0027948,B.Gabbert,0.0,0.0,0.0,185.0,45.0,0.0,0.0,0.0,3.0,0.0,0.0,0.0,0.0,0.0,0.0,0.0,0.0,0.0,0.0,0.0,0.0,0.0,0.0,0.0,0.0,5.899999618530273,5.899999618530273
00-0027973,A.Dalton,2.0,0.0,0.0,361.0,12.0,0.0,0.0,0.0,0.0,0.0,0.0,0.0,0.0,0.0,0.0,0.0,0.0,0.0,0.0,0.0,0.0,0.0,0.0,0.0,0.0,23.639999628067017,23.639999628067017
00-0028002,R.Cobb,0.0,0.0,1.0,0.0,0.0,39.0,5.0,18.0,0.0,0.0,0.0,0.0,1.0,0.0,0.0,0.0,0.0,0.0,0.0,0.0,0.0,0.0,0.0,0.0,0.0,16.90000009536743,16.90000009536743
00-0028118,T.Taylor,5.0,0.0,0.0,1341.0,197.0,0.0,0.0,0.0,3.0,0.0,0.0,0.0,0.0,0.0,0.0,0.0,0.0,0.0,0.0,0.0,0.0,0.0,0.0,0.0,0.0,87.34000015258789,87.34000015258789
00-0028872,J.Hekker,0.0,0.0,0.0,7.0,-11.0,0.0,0.0,0.0,0.0,1.0,0.0,0.0,0.0,0.0,0.0,0.0,0.0,0.0,0.0,0.0,0.0,0.0,0.0,0.0,0.0,-2.820000022649765,-2.820000022649765
00-0028986,C.Keenum,1.0,0.0,0.0,291.0,1.0,0.0,0.0,0.0,3.0,0.0,0.0,0.0,0.0,0.0,0.0,0.0,0.0,0.0,0.0,0.0,0.0,0.0,0.0,0.0,0.0,9.739999391138554,9.739999391138554
00-0029239,B.Bolden,0.0,1.0,0.0,0.0,31.0,0.0,0.0,0.0,0.0,0.0,0.0,1.0,0.0,0.0,0.0,0.0,0.0,0.0,0.0,0.0,0.0,0.0,0.0,0.0,0.0,11.100000143051147,11.100000143051147
00-0029263,R.Wilson,26.0,3.0,0.0,3070.0,341.0,0.0,0.0,0.0,8.0,5.0,2.0,0.0,0.0,0.0,0.0,0.0,0.0,0.0,0.0,0.0,0.0,0.0,0.0,0.0,0.0,256.89999771118164,256.89999771118164
00-0029293,M.Jones,0.0,0.0,0.0,0.0,0.0,35.0,5.0,10.0,0.0,1.0,0.0,0.0,0.0,0.0,0.0,0.0,0.0,0.0,0.0,0.0,0.0,0.0,0.0,0.0,0.0,6.5,6.5
00-0029421,R.Bullock,0.0,0.0,0.0,0.0,0.0,0.0,0.0,0.0,0.0,0.0,0.0,0.0,0.0,0.0,0.0,2.0,2.0,1.0,0.0,0.0,1.0,0.0,0.0,10.0,0.0,28.0,28.0
00-0029597,J.Tucker,0.0,0.0,0.0,0.0,0.0,0.0,0.0,0.0,0.0,0.0,0.0,0.0,0.0,0.0,0.0,20.0,11.0,1.0,0.0,0.0,1.0,3.0,1.0,51.0,1.0,155.0,155.0
00-0029604,K.Cousins,18.0,0.0,0.0,2331.0,25.0,0.0,0.0,0.0,5.0,4.0,0.0,0.0,0.0,0.0,0.0,0.0,0.0,0.0,0.0,0.0,0.0,0.0,0.0,0.0,0.0,149.73999786376953,149.73999786376953
00-0029621,G.Zuerlein,0.0,0.0,0.0,0.0,0.0,0.0,0.0,0.0,0.0,0.0,0.0,0.0,0.0,0.0,0.0,17.0,13.0,5.0,0.0,1.0,1.0,1.0,0.0,15.0,1.0,140.0,140.0
00-0029685,,0.0,0.0,0.0,0.0,0.0,0.0,0.0,0.0,0.0,1.0,0.0,0.0,0.0,0.0,0.0,0.0,0.0,0.0,0.0,0.0,0.0,0.0,0.0,0.0,0.0,-2.0,-2.0
00-0029692,B.Anger,0.0,0.0,0.0,0.0,0.0,0.0,0.0,0.0,0.0,0.0,1.0,0.0,0.0,0.0,0.0,0.0,0.0,0.0,0.0,0.0,0.0,0.0,0.0,0.0,0.0,2.0,2.0
00-0029701,R.Tannehill,4.0,1.0,0.0,1616.0,74.0,0.0,0.0,1.0,7.0,0.0,0.0,0.0,0.0,0.0,0.0,0.0,0.0,0.0,0.0,0.0,0.0,0.0,0.0,0.0,0.0,80.03999948501587,80.03999948501587
00-0029822,B.McManus,0.0,0.0,0.0,0.0,0.0,0.0,0.0,0.0,0.0,0.0,0.0,0.0,0.0,0.0,0.0,14.0,11.0,5.0,0.0,0.0,2.0,5.0,0.0,35.0,0.0,139.0,139.0
00-0029892,K.Juszczyk,0.0,0.0,2.0,0.0,6.0,119.0,14.0,17.0,0.0,0.0,0.0,0.0,0.0,0.0,0.0,0.0,0.0,0.0,0.0,0.0,0.0,0.0,0.0,0.0,0.0,38.50000059604645,38.50000059604645
00-0030035,A.Thielen,0.0,0.0,4.0,0.0,6.0,1014.0,103.0,138.0,0.0,0.0,0.0,0.0,1.0,0.0,0.0,0.0,0.0,0.0,0.0,0.0,0.0,0.0,0.0,0.0,0.0,231.00000154972076,231.00000154972076
00-0030061,Z.Ertz,0.0,0.0,1.0,0.0,0.0,187.0,27.0,43.0,0.0,0.0,0.0,0.0,0.0,0.0,0.0,0.0,0.0,0.0,0.0,0.0,0.0,0.0,0.0,0.0,0.0,51.70000076293945,51.70000076293945
00-0030068,M.Goodwin,0.0,0.0,0.0,0.0,33.0,67.0,4.0,13.0,0.0,0.0,0.0,0.0,0.0,0.0,0.0,0.0,0.0,0.0,0.0,0.0,0.0,0.0,0.0,0.0,0.0,14.000000238418579,14.000000238418579
00-0030098,D.Hopkins,0.0,0.0,0.0,0.0,0.0,0.0,0.0,0.0,0.0,0.0,0.0,0.0,0.0,0.0,0.0,15.0,10.0,8.0,0.0,0.0,3.0,0.0,0.0,24.0,2.0,146.0,146.0
00-0030140,T.Way,0.0,0.0,0.0,0.0,0.0,0.0,0.0,0.0,0.0,0.0,0.0,0.0,0.0,0.0,0.0,0.0,0.0,0.0,0.0,0.0,0.0,0.0,0.0,0.0,0.0,0.0,0.0
00-0030279,K.Allen,1.0,0.0,7.0,49.0,6.0,1243.0,108.0,150.0,0.0,1.0,0.0,0.0,0.0,0.0,0.0,0.0,0.0,0.0,0.0,0.0,0.0,0.0,0.0,0.0,0.0,278.86000299453735,278.86000299453735
00-0030332,B.Maher,0.0,0.0,0.0,0.0,0.0,0.0,0.0,0.0,0.0,0.0,0.0,0.0,0.0,0.0,0.0,7.0,7.0,3.0,0.0,0.0,2.0,4.0,0.0,13.0,2.0,71.0,71.0
00-0030431,R.Woods,0.0,0.0,1.0,0.0,7.0,426.0,40.0,75.0,0.0,0.0,0.0,0.0,0.0,0.0,0.0,0.0,0.0,0.0,0.0,0.0,0.0,0.0,0.0,0.0,0.0,89.30000227689743,89.30000227689743
00-0030506,T.Kelce,0.0,0.0,5.0,0.0,0.0,984.0,93.0,121.0,0.0,1.0,0.0,0.0,0.0,0.0,0.0,0.0,0.0,0.0,0.0,0.0,0.0,0.0,0.0,0.0,0.0,219.4000015258789,219.4000015258789
00-0030513,L.Murray,0.0,4.0,0.0,0.0,300.0,119.0,17.0,22.0,0.0,0.0,0.0,0.0,0.0,0.0,0.0,0.0,0.0,0.0,0.0,0.0,0.0,0.0,0.0,0.0,0.0,82.90000057220459,82.90000057220459
00-0030533,M.Barkley,0.0,0.0,0.0,0.0,-3.0,0.0,0.0,0.0,0.0,0.0,0.0,0.0,0.0,0.0,0.0,0.0,0.0,0.0,0.0,0.0,0.0,0.0,0.0,0.0,0.0,-0.30000001192092896,-0.30000001192092896
00-0030564,D.Hopkins,0.0,0.0,7.0,0.0,9.0,1057.0,75.0,137.0,0.0,0.0,0.0,0.0,0.0,0.0,0.0,0.0,0.0,0.0,0.0,0.0,0.0,0.0,0.0,0.0,0.0,223.6000046133995,223.6000046133995
00-0030565,G.Smith,20.0,1.0,0.0,3624.0,155.0,-2.0,1.0,1.0,9.0,3.0,2.0,0.0,0.0,0.0,0.0,0.0,0.0,0.0,0.0,0.0,0.0,0.0,0.0,0.0,0.0,227.2599914520979,227.2599914520979
00-0030578,C.Patterson,0.0,0.0,1.0,0.0,181.0,38.0,9.0,12.0,0.0,0.0,0.0,0.0,0.0,0.0,0.0,0.0,0.0,0.0,0.0,0.0,0.0,0.0,0.0,0.0,0.0,36.90000033378601,36.90000033378601
00-0030663,W.Snead,0.0,0.0,0.0,0.0,0.0,14.0,2.0,3.0,0.0,0.0,0.0,0.0,0.0,0.0,0.0,0.0,0.0,0.0,0.0,0.0,0.0,0.0,0.0,0.0,0.0,3.399999976158142,3.399999976158142
00-0030874,D.Williams,0.0,0.0,0.0,0.0,43.0,12.0,2.0,2.0,0.0,0.0,0.0,0.0,0.0,0.0,0.0,0.0,0.0,0.0,0.0,0.0,0.0,0.0,0.0,0.0,0.0,7.500000238418579,7.500000238418579
00-0030968,K.Smith,0.0,0.0,0.0,0.0,0.0,33.0,3.0,3.0,0.0,0.0,0.0,0.0,0.0,0.0,0.0,0.0,0.0,0.0,0.0,0.0,0.0,0.0,0.0,0.0,0.0,6.299999952316284,6.299999952316284
00-0031136,C.Boswell,0.0,0.0,0.0,0.0,0.0,0.0,0.0,0.0,0.0,0.0,0.0,0.0,0.0,0.0,0.0,16.0,7.0,6.0,0.0,0.0,1.0,0.0,1.0,27.0,1.0,131.0,131.0
00-0031203,C.Santos,0.0,0.0,0.0,0.0,0.0,0.0,0.0,0.0,0.0,0.0,0.0,0.0,0.0,0.0,0.0,20.0,8.0,7.0,0.0,0.0,2.0,1.0,0.0,31.0,2.0,155.0,155.0
00-0031235,O.Beckham,0.0,0.0,3.0,0.0,0.0,565.0,35.0,64.0,0.0,1.0,0.0,0.0,0.0,0.0,0.0,0.0,0.0,0.0,0.0,0.0,0.0,0.0,0.0,0.0,0.0,107.5,107.5
00-0031236,B.Cooks,0.0,0.0,8.0,0.0,35.0,657.0,54.0,82.0,0.0,0.0,0.0,0.0,1.0,0.0,0.0,0.0,0.0,0.0,0.0,0.0,0.0,0.0,0.0,0.0,0.0,173.20000457763672,173.20000457763672
00-0031237,T.Bridgewater,0.0,0.0,0.0,0.0,-2.0,0.0,0.0,0.0,0.0,0.0,0.0,0.0,0.0,0.0,0.0,0.0,0.0,0.0,0.0,0.0,0.0,0.0,0.0,0.0,0.0,-0.20000000298023224,-0.20000000298023224
00-0031260,L.Thomas,0.0,0.0,4.0,0.0,2.0,496.0,55.0,79.0,0.0,2.0,0.0,0.0,1.0,0.0,0.0,0.0,0.0,0.0,0.0,0.0,0.0,0.0,0.0,0.0,0.0,126.80000229179859,126.80000229179859
00-0031280,D.Carr,25.0,0.0,0.0,3878.0,40.0,0.0,0.0,0.0,8.0,3.0,2.0,0.0,0.0,0.0,0.0,0.0,0.0,0.0,0.0,0.0,0.0,0.0,0.0,0.0,0.0,241.1199951171875,241.1199951171875
00-0031288,A.McCarron,0.0,0.0,0.0,19.0,0.0,0.0,0.0,0.0,0.0,0.0,0.0,0.0,0.0,0.0,0.0,0.0,0.0,0.0,0.0,0.0,0.0,0.0,0.0,0.0,0.0,0.7599999904632568,0.7599999904632568
00-0031345,J.Garoppolo,7.0,0.0,0.0,1205.0,39.0,0.0,0.0,0.0,9.0,0.0,1.0,0.0,0.0,0.0,0.0,0.0,0.0,0.0,0.0,0.0,0.0,0.0,0.0,0.0,0.0,64.10000085830688,64.10000085830688
00-0031376,J.McKinnon,1.0,1.0,4.0,4.0,60.0,192.0,25.0,32.0,0.0,0.0,0.0,0.0,0.0,0.0,0.0,0.0,0.0,0.0,0.0,0.0,0.0,0.0,0.0,0.0,0.0,84.36000075936317,84.36000075936317
00-0031381,D.Adams,0.0,0.0,8.0,0.0,0.0,1144.0,103.0,175.0,0.0,0.0,0.0,0.0,0.0,0.0,0.0,0.0,0.0,0.0,0.0,0.0,0.0,0.0,0.0,0.0,0.0,265.4000015258789,265.4000015258789
00-0031408,M.Evans,0.0,0.0,13.0,0.0,0.0,1255.0,79.0,137.0,0.0,0.0,0.0,0.0,0.0,0.0,0.0,0.0,0.0,0.0,0.0,0.0,0.0,0.0,0.0,0.0,0.0,282.5,282.5
00-0031428,A.Robinson,0.0,0.0,0.0,0.0,0.0,280.0,34.0,49.0,0.0,0.0,0.0,0.0,0.0,0.0,0.0,0.0,0.0,0.0,0.0,0.0,0.0,0.0,0.0,0.0,0.0,62.0,62.0
00-0031484,C.Manhertz,0.0,0.0,0.0,0.0,0.0,16.0,2.0,4.0,0.0,0.0,0.0,0.0,0.0,0.0,0.0,0.0,0.0,0.0,0.0,0.0,0.0,0.0,0.0,0.0,0.0,3.600000023841858,3.600000023841858
00-0031492,J.Myers,0.0,0.0,0.0,0.0,0.0,0.0,0.0,0.0,0.0,0.0,0.0,0.0,0.0,0.0,0.0,19.0,12.0,4.0,0.0,1.0,2.0,4.0,0.0,33.0,0.0,151.0,151.0
00-0031503,J.Winston,2.0,0.0,0.0,264.0,-6.0,0.0,0.0,0.0,3.0,0.0,0.0,0.0,0.0,0.0,0.0,0.0,0.0,0.0,0.0,0.0,0.0,0.0,0.0,0.0,0.0,11.959999442100525,11.959999442100525
00-0031544,A.Cooper,0.0,0.0,5.0,0.0,0.0,1250.0,72.0,130.0,0.0,1.0,0.0,0.0,1.0,0.0,0.0,0.0,0.0,0.0,0.0,0.0,0.0,0.0,0.0,0.0,0.0,227.0,227.0
00-0031547,D.Parker,0.0,0.0,0.0,0.0,0.0,394.0,33.0,55.0,0.0,0.0,0.0,0.0,0.0,0.0,0.0,0.0,0.0,0.0,0.0,0.0,0.0,0.0,0.0,0.0,0.0,72.4000015258789,72.4000015258789
00-0031549,N.Agholor,0.0,0.0,4.0,0.0,0.0,381.0,35.0,45.0,0.0,0.0,0.0,0.0,0.0,0.0,0.0,0.0,0.0,0.0,0.0,0.0,0.0,0.0,0.0,0.0,0.0,97.10000228881836,97.10000228881836
00-0031585,M.Pruitt,0.0,0.0,1.0,0.0,0.0,110.0,9.0,12.0,0.0,0.0,0.0,0.0,0.0,0.0,0.0,0.0,0.0,0.0,0.0,0.0,0.0,0.0,0.0,0.0,0.0,26.0,26.0
00-0031587,,0.0,0.0,0.0,0.0,0.0,0.0,0.0,0.0,0.0,1.0,0.0,0.0,0.0,0.0,0.0,0.0,0.0,0.0,0.0,0.0,0.0,0.0,0.0,0.0,0.0,-2.0,-2.0
00-0031588,S.Diggs,0.0,0.0,8.0,0.0,5.0,1183.0,107.0,161.0,0.0,1.0,0.0,0.0,1.0,0.0,0.0,0.0,0.0,0.0,0.0,0.0,0.0,0.0,0.0,0.0,0.0,273.8000030517578,273.8000030517578
00-0031595,M.Burton,0.0,0.0,0.0,0.0,9.0,8.0,3.0,3.0,0.0,0.0,0.0,1.0,0.0,0.0,0.0,0.0,0.0,0.0,0.0,0.0,0.0,0.0,0.0,0.0,0.0,6.700000047683716,6.700000047683716
00-0031610,D.Waller,0.0,0.0,1.0,0.0,0.0,552.0,52.0,74.0,0.0,0.0,0.0,0.0,0.0,0.0,0.0,0.0,0.0,0.0,0.0,0.0,0.0,0.0,0.0,0.0,0.0,113.20000076293945,113.20000076293945
00-0031687,R.Mostert,0.0,18.0,3.0,0.0,1012.0,175.0,25.0,32.0,0.0,1.0,0.0,0.0,0.0,0.0,0.0,0.0,0.0,0.0,0.0,0.0,0.0,0.0,0.0,0.0,0.0,267.7000045776367,267.7000045776367
00-0031763,D.Carter,0.0,0.0,0.0,0.0,18.0,39.0,4.0,7.0,0.0,0.0,0.0,0.0,0.0,0.0,0.0,0.0,0.0,0.0,0.0,0.0,0.0,0.0,0.0,0.0,0.0,9.700000166893005,9.700000166893005
00-0031800,T.Heinicke,5.0,1.0,0.0,890.0,124.0,0.0,0.0,0.0,4.0,0.0,0.0,0.0,0.0,0.0,0.0,0.0,0.0,0.0,0.0,0.0,0.0,0.0,0.0,0.0,0.0,65.99999904632568,65.99999904632568
00-0031868,D.Byrd,0.0,0.0,0.0,0.0,0.0,0.0,0.0,2.0,0.0,0.0,0.0,0.0,0.0,0.0,0.0,0.0,0.0,0.0,0.0,0.0,0.0,0.0,0.0,0.0,0.0,0.0,0.0
00-0031941,J.Crowder,0.0,0.0,1.0,0.0,0.0,159.0,16.0,20.0,0.0,1.0,0.0,0.0,0.0,0.0,0.0,0.0,0.0,0.0,0.0,0.0,0.0,0.0,0.0,0.0,0.0,35.90000057220459,35.90000057220459
00-0032062,B.Bell,0.0,0.0,1.0,0.0,0.0,26.0,5.0,9.0,0.0,1.0,0.0,0.0,0.0,0.0,0.0,0.0,0.0,0.0,0.0,0.0,0.0,0.0,0.0,0.0,0.0,11.600000143051147,11.600000143051147
00-0032104,A.Abdullah,0.0,0.0,0.0,0.0,89.0,131.0,19.0,24.0,0.0,0.0,0.0,0.0,0.0,0.0,0.0,0.0,0.0,0.0,0.0,0.0,0.0,0.0,0.0,0.0,0.0,41.000000953674316,41.000000953674316
00-0032128,C.Conley,0.0,0.0,0.0,0.0,0.0,69.0,3.0,6.0,0.0,0.0,0.0,0.0,0.0,0.0,0.0,0.0,0.0,0.0,0.0,0.0,0.0,0.0,0.0,0.0,0.0,9.900000095367432,9.900000095367432
00-0032134,C.Uzomah,0.0,0.0,1.0,0.0,0.0,58.0,8.0,12.0,0.0,0.0,0.0,0.0,0.0,0.0,0.0,0.0,0.0,0.0,0.0,0.0,0.0,0.0,0.0,0.0,0.0,19.800000190734863,19.800000190734863
00-0032141,G.Swaim,0.0,0.0,0.0,0.0,0.0,94.0,10.0,11.0,0.0,0.0,0.0,0.0,0.0,0.0,0.0,0.0,0.0,0.0,0.0,0.0,0.0,0.0,0.0,0.0,0.0,19.40000057220459,19.40000057220459
00-0032144,M.Gordon,0.0,1.0,0.0,0.0,81.0,46.0,3.0,3.0,0.0,1.0,0.0,0.0,0.0,0.0,0.0,0.0,0.0,0.0,0.0,0.0,0.0,0.0,0.0,0.0,0.0,19.700000286102295,19.700000286102295
00-0032156,T.Siemian,2.0,0.0,0.0,724.0,40.0,0.0,0.0,0.0,4.0,3.0,0.0,0.0,0.0,0.0,0.0,0.0,0.0,0.0,0.0,0.0,0.0,0.0,0.0,0.0,0.0,26.959999084472656,26.959999084472656
00-0032200,T.Montgomery,0.0,0.0,0.0,0.0,9.0,40.0,5.0,12.0,0.0,0.0,0.0,0.0,0.0,0.0,0.0,0.0,0.0,0.0,0.0,0.0,0.0,0.0,0.0,0.0,0.0,9.900000035762787,9.900000035762787
00-0032208,P.Dorsett,0.0,0.0,0.0,0.0,0.0,0.0,0.0,3.0,0.0,0.0,0.0,0.0,0.0,0.0,0.0,0.0,0.0,0.0,0.0,0.0,0.0,0.0,0.0,0.0,0.0,0.0,0.0
00-0032211,T.Lockett,0.0,0.0,5.0,0.0,0.0,894.0,79.0,124.0,0.0,0.0,0.0,0.0,2.0,0.0,0.0,0.0,0.0,0.0,0.0,0.0,0.0,0.0,0.0,0.0,0.0,202.4000015258789,202.4000015258789
00-0032217,D.Smith,0.0,0.0,0.0,0.0,0.0,0.0,1.0,1.0,0.0,0.0,0.0,0.0,0.0,0.0,0.0,0.0,0.0,0.0,0.0,0.0,0.0,0.0,0.0,0.0,0.0,1.0,1.0
00-0032268,M.Mariota,1.0,0.0,0.0,164.0,52.0,0.0,0.0,0.0,1.0,1.0,0.0,0.0,0.0,0.0,0.0,0.0,0.0,0.0,0.0,0.0,0.0,0.0,0.0,0.0,0.0,11.760000228881836,11.760000228881836
00-0032385,S.Shepard,0.0,0.0,1.0,0.0,6.0,57.0,10.0,22.0,0.0,1.0,0.0,0.0,0.0,0.0,0.0,0.0,0.0,0.0,0.0,0.0,0.0,0.0,0.0,0.0,0.0,20.300000309944153,20.300000309944153
00-0032392,A.Hooper,0.0,0.0,0.0,0.0,0.0,234.0,25.0,32.0,0.0,0.0,0.0,0.0,0.0,0.0,0.0,0.0,0.0,0.0,0.0,0.0,0.0,0.0,0.0,0.0,0.0,48.39999961853027,48.39999961853027
00-0032394,N.Vannett,0.0,0.0,0.0,0.0,0.0,3.0,1.0,1.0,0.0,0.0,0.0,0.0,0.0,0.0,0.0,0.0,0.0,0.0,0.0,0.0,0.0,0.0,0.0,0.0,0.0,1.300000011920929,1.300000011920929
00-0032398,C.Moore,0.0,0.0,0.0,0.0,39.0,424.0,22.0,35.0,0.0,0.0,0.0,0.0,0.0,0.0,0.0,0.0,0.0,0.0,0.0,0.0,0.0,0.0,0.0,0.0,0.0,68.30000162124634,68.30000162124634
00-0032436,J.Driskel,2.0,0.0,0.0,166.0,33.0,0.0,0.0,0.0,2.0,0.0,0.0,0.0,0.0,0.0,0.0,0.0,0.0,0.0,0.0,0.0,0.0,0.0,0.0,0.0,0.0,13.93999981880188,13.93999981880188
00-0032464,K.Raymond,0.0,0.0,1.0,0.0,75.0,489.0,35.0,44.0,0.0,0.0,0.0,0.0,0.0,0.0,0.0,0.0,0.0,0.0,0.0,0.0,0.0,0.0,0.0,0.0,0.0,97.4000015258789,97.4000015258789
00-0032543,A.Erickson,0.0,0.0,1.0,0.0,0.0,227.0,16.0,29.0,0.0,0.0,0.0,0.0,0.0,0.0,0.0,0.0,0.0,0.0,0.0,0.0,0.0,0.0,0.0,0.0,0.0,44.70000076293945,44.70000076293945
00-0032569,W.Lutz,0.0,0.0,0.0,0.0,0.0,0.0,0.0,0.0,0.0,0.0,0.0,0.0,0.0,0.0,0.0,23.0,4.0,3.0,0.0,1.0,1.0,2.0,0.0,29.0,2.0,125.0,125.0
00-0032688,R.Chosen,0.0,0.0,1.0,0.0,0.0,126.0,4.0,6.0,0.0,0.0,0.0,0.0,0.0,0.0,0.0,0.0,0.0,0.0,0.0,0.0,0.0,0.0,0.0,0.0,0.0,22.600000381469727,22.600000381469727
00-0032726,K.Fairbairn,0.0,0.0,0.0,0.0,0.0,0.0,0.0,0.0,0.0,0.0,0.0,0.0,0.0,0.0,0.0,20.0,2.0,5.0,0.0,0.0,0.0,1.0,0.0,21.0,1.0,113.0,113.0
00-0032764,D.Henry,2.0,12.0,0.0,14.0,1167.0,214.0,28.0,36.0,0.0,0.0,0.0,0.0,0.0,0.0,0.0,0.0,0.0,0.0,0.0,0.0,0.0,0.0,0.0,0.0,0.0,246.66000419855118,246.66000419855118
00-0032765,M.Thomas,0.0,0.0,1.0,0.0,0.0,448.0,39.0,64.0,0.0,0.0,0.0,0.0,0.0,0.0,0.0,0.0,0.0,0.0,0.0,0.0,0.0,0.0,0.0,0.0,0.0,89.79999923706055,89.79999923706055
00-0032775,D.Robinson,0.0,0.0,4.0,0.0,23.0,371.0,26.0,39.0,0.0,1.0,0.0,0.0,0.0,0.0,0.0,0.0,0.0,0.0,0.0,0.0,0.0,0.0,0.0,0.0,0.0,87.40000224113464,87.40000224113464
00-0032918,C.Ham,0.0,0.0,0.0,0.0,7.0,25.0,7.0,9.0,0.0,0.0,0.0,0.0,0.0,0.0,0.0,0.0,0.0,0.0,0.0,0.0,0.0,0.0,0.0,0.0,0.0,10.199999988079071,10.199999988079071
00-0032933,,0.0,0.0,0.0,0.0,0.0,0.0,0.0,0.0,0.0,1.0,0.0,0.0,0.0,0.0,0.0,0.0,0.0,0.0,0.0,0.0,0.0,0.0,0.0,0.0,0.0,-2.0,-2.0
00-0032943,R.Dixon,0.0,0.0,0.0,0.0,0.0,0.0,0.0,0.0,0.0,0.0,0.0,0.0,0.0,0.0,0.0,0.0,0.0,0.0,0.0,0.0,0.0,0.0,0.0,0.0,0.0,0.0,0.0
00-0032950,C.Wentz,2.0,1.0,0.0,163.0,56.0,0.0,0.0,0.0,1.0,0.0,1.0,0.0,0.0,0.0,0.0,0.0,0.0,0.0,0.0,0.0,0.0,0.0,0.0,0.0,0.0,26.119999885559082,26.119999885559082
00-0032951,L.Treadwell,0.0,0.0,0.0,0.0,0.0,16.0,1.0,3.0,0.0,0.0,0.0,0.0,0.0,0.0,0.0,0.0,0.0,0.0,0.0,0.0,0.0,0.0,0.0,0.0,0.0,2.600000023841858,2.600000023841858
00-0032975,J.Williams,0.0,0.0,0.0,0.0,-2.0,0.0,0.0,1.0,0.0,0.0,0.0,0.0,0.0,0.0,0.0,0.0,0.0,0.0,0.0,0.0,0.0,0.0,0.0,0.0,0.0,-0.20000000298023224,-0.20000000298023224
00-0033009,T.Boyd,0.0,0.0,2.0,0.0,11.0,667.0,67.0,98.0,1.0,0.0,0.0,0.0,0.0,0.0,0.0,0.0,0.0,0.0,0.0,0.0,0.0,0.0,0.0,0.0,0.0,144.80000460147858,144.80000460147858
00-0033040,T.Hill,0.0,0.0,13.0,0.0,15.0,1799.0,119.0,172.0,0.0,1.0,0.0,0.0,0.0,0.0,0.0,0.0,0.0,0.0,0.0,0.0,0.0,0.0,0.0,0.0,0.0,376.40000915527344,376.40000915527344
00-0033045,E.Elliott,0.0,3.0,2.0,0.0,642.0,313.0,51.0,65.0,0.0,1.0,0.0,0.0,0.0,0.0,0.0,0.0,0.0,0.0,0.0,0.0,0.0,0.0,0.0,0.0,0.0,174.5000057220459,174.5000057220459
00-0033077,D.Prescott,36.0,2.0,0.0,4516.0,242.0,0.0,0.0,0.0,9.0,2.0,2.0,0.0,0.0,0.0,0.0,0.0,0.0,0.0,0.0,0.0,0.0,0.0,0.0,0.0,0.0,342.8400001525879,342.8400001525879
00-0033090,H.Henry,0.0,0.0,6.0,0.0,0.0,419.0,42.0,61.0,0.0,0.0,0.0,0.0,0.0,0.0,0.0,0.0,0.0,0.0,0.0,0.0,0.0,0.0,0.0,0.0,0.0,119.9000015258789,119.9000015258789
00-0033106,J.Goff,30.0,2.0,0.0,4575.0,21.0,0.0,0.0,0.0,12.0,4.0,2.0,0.0,0.0,0.0,0.0,0.0,0.0,0.0,0.0,0.0,0.0,0.0,0.0,0.0,0.0,289.10000014305115,289.10000014305115
00-0033110,T.Higbee,0.0,0.0,2.0,0.0,0.0,495.0,47.0,70.0,0.0,0.0,0.0,0.0,0.0,0.0,0.0,0.0,0.0,0.0,0.0,0.0,0.0,0.0,0.0,0.0,0.0,108.5,108.5
00-0033118,K.Drake,0.0,0.0,0.0,0.0,0.0,31.0,2.0,3.0,0.0,1.0,0.0,0.0,0.0,0.0,0.0,0.0,0.0,0.0,0.0,0.0,0.0,0.0,0.0,0.0,0.0,3.1000001430511475,3.1000001430511475
00-0033119,J.Brissett,3.0,0.0,0.0,224.0,19.0,0.0,0.0,0.0,0.0,0.0,0.0,0.0,0.0,0.0,0.0,0.0,0.0,0.0,0.0,0.0,0.0,0.0,0.0,0.0,0.0,22.860000014305115,22.860000014305115
00-0033217,M.Alie-Cox,0.0,0.0,3.0,0.0,0.0,161.0,13.0,23.0,0.0,0.0,0.0,0.0,1.0,0.0,0.0,0.0,0.0,0.0,0.0,0.0,0.0,0.0,0.0,0.0,0.0,49.10000038146973,49.10000038146973
00-0033246,J.Mundt,0.0,0.0,1.0,0.0,0.0,172.0,17.0,23.0,0.0,0.0,0.0,0.0,0.0,0.0,0.0,0.0,0.0,0.0,0.0,0.0,0.0,0.0,0.0,0.0,0.0,40.20000076293945,40.20000076293945
00-0033251,Z.Pascal,0.0,0.0,0.0,0.0,0.0,19.0,4.0,15.0,0.0,0.0,0.0,0.0,0.0,0.0,0.0,0.0,0.0,0.0,0.0,0.0,0.0,0.0,0.0,0.0,0.0,5.899999976158142,5.899999976158142
00-0033275,P.Walker,1.0,0.0,0.0,674.0,30.0,0.0,0.0,0.0,5.0,2.0,0.0,0.0,0.0,0.0,0.0,0.0,0.0,0.0,0.0,0.0,0.0,0.0,0.0,0.0,0.0,19.959999084472656,19.959999084472656
00-0033280,C.McCaffrey,0.0,14.0,7.0,0.0,1459.0,564.0,67.0,83.0,0.0,2.0,0.0,0.0,0.0,0.0,0.0,0.0,0.0,0.0,0.0,0.0,0.0,0.0,0.0,0.0,0.0,391.30001068115234,391.30001068115234
00-0033282,C.Samuel,0.0,1.0,4.0,0.0,39.0,613.0,62.0,91.0,0.0,0.0,0.0,0.0,0.0,0.0,0.0,0.0,0.0,0.0,0.0,0.0,0.0,0.0,0.0,0.0,0.0,157.19999933242798,157.19999933242798
00-0033288,G.Kittle,0.0,0.0,6.0,0.0,2.0,1020.0,65.0,90.0,0.0,0.0,0.0,0.0,0.0,0.0,0.0,0.0,0.0,0.0,0.0,0.0,0.0,0.0,0.0,0.0,0.0,203.20000000298023,203.20000000298023
00-0033292,T.Taylor,0.0,0.0,0.0,0.0,-2.0,0.0,0.0,2.0,0.0,1.0,0.0,0.0,0.0,0.0,0.0,0.0,0.0,0.0,0.0,0.0,0.0,0.0,0.0,0.0,0.0,-2.2000000029802322,-2.2000000029802322
00-0033293,A.Jones,0.0,2.0,1.0,0.0,656.0,233.0,30.0,43.0,0.0,1.0,0.0,0.0,0.0,0.0,0.0,0.0,0.0,0.0,0.0,0.0,0.0,0.0,0.0,0.0,0.0,134.89999961853027,134.89999961853027
00-0033296,A.Armah,0.0,0.0,0.0,0.0,0.0,13.0,3.0,3.0,0.0,0.0,0.0,0.0,0.0,0.0,0.0,0.0,0.0,0.0,0.0,0.0,0.0,0.0,0.0,0.0,0.0,4.300000071525574,4.300000071525574
00-0033303,H.Butker,0.0,0.0,0.0,0.0,0.0,0.0,0.0,0.0,0.0,0.0,0.0,0.0,0.0,0.0,0.0,21.0,7.0,4.0,1.0,2.0,0.0,0.0,0.0,38.0,0.0,153.0,153.0
00-0033307,K.Bourne,0.0,0.0,4.0,0.0,4.0,406.0,37.0,55.0,0.0,1.0,0.0,0.0,0.0,0.0,0.0,0.0,0.0,0.0,0.0,0.0,0.0,0.0,0.0,0.0,0.0,100.00000229477882,100.00000229477882
00-0033308,M.Breida,0.0,1.0,0.0,0.0,151.0,88.0,17.0,21.0,0.0,0.0,0.0,0.0,0.0,0.0,0.0,0.0,0.0,0.0,0.0,0.0,0.0,0.0,0.0,0.0,0.0,46.90000057220459,46.90000057220459
00-0033319,N.Mullens,7.0,0.0,0.0,1306.0,25.0,0.0,0.0,0.0,8.0,0.0,0.0,0.0,0.0,0.0,0.0,0.0,0.0,0.0,0.0,0.0,0.0,0.0,0.0,0.0,0.0,66.73999786376953,66.73999786376953
00-0033357,T.Hill,1.0,4.0,2.0,83.0,401.0,291.0,33.0,40.0,0.0,1.0,0.0,0.0,0.0,0.0,0.0,0.0,0.0,0.0,0.0,0.0,0.0,0.0,0.0,0.0,0.0,143.52000260353088,143.52000260353088
00-0033376,P.Ricard,0.0,0.0,1.0,0.0,0.0,52.0,5.0,7.0,0.0,0.0,0.0,0.0,0.0,0.0,0.0,0.0,0.0,0.0,0.0,0.0,0.0,0.0,0.0,0.0,0.0,16.200000286102295,16.200000286102295
00-0033439,P.Brown,0.0,0.0,1.0,0.0,0.0,208.0,13.0,15.0,0.0,1.0,0.0,0.0,0.0,0.0,0.0,0.0,0.0,0.0,0.0,0.0,0.0,0.0,0.0,0.0,0.0,37.80000114440918,37.80000114440918
00-0033466,I.McKenzie,0.0,0.0,0.0,0.0,14.0,82.0,11.0,14.0,0.0,2.0,0.0,0.0,0.0,0.0,0.0,0.0,0.0,0.0,0.0,0.0,0.0,0.0,0.0,0.0,0.0,16.59999978542328,16.59999978542328
00-0033526,S.Perine,0.0,1.0,0.0,0.0,238.0,455.0,50.0,56.0,0.0,2.0,0.0,0.0,0.0,0.0,0.0,0.0,0.0,0.0,0.0,0.0,0.0,0.0,0.0,0.0,0.0,121.30000114440918,121.30000114440918
00-0033536,M.Williams,0.0,0.0,1.0,0.0,3.0,249.0,19.0,26.0,0.0,0.0,0.0,0.0,0.0,0.0,0.0,0.0,0.0,0.0,0.0,0.0,0.0,0.0,0.0,0.0,0.0,50.1999996304512,50.1999996304512
00-0033537,D.Watson,7.0,1.0,0.0,1115.0,142.0,0.0,0.0,0.0,4.0,3.0,0.0,3.0,0.0,0.0,0.0,0.0,0.0,0.0,0.0,0.0,0.0,0.0,0.0,0.0,0.0,84.79999828338623,84.79999828338623
00-0033553,J.Conner,0.0,7.0,2.0,0.0,1040.0,165.0,27.0,35.0,0.0,0.0,0.0,0.0,0.0,0.0,0.0,0.0,0.0,0.0,0.0,0.0,0.0,0.0,0.0,0.0,0.0,201.5,201.5
00-0033555,M.Hollins,0.0,0.0,0.0,0.0,0.0,251.0,18.0,30.0,0.0,0.0,0.0,0.0,0.0,0.0,0.0,0.0,0.0,0.0,0.0,0.0,0.0,0.0,0.0,0.0,0.0,43.10000038146973,43.10000038146973
00-0033557,J.Reeves-Maybin,0.0,0.0,0.0,31.0,3.0,0.0,0.0,0.0,0.0,0.0,0.0,0.0,0.0,0.0,0.0,0.0,0.0,0.0,0.0,0.0,0.0,0.0,0.0,0.0,0.0,1.5400000214576721,1.5400000214576721
00-0033572,J.Agnew,0.0,0.0,1.0,0.0,-2.0,225.0,14.0,21.0,0.0,1.0,0.0,0.0,0.0,0.0,0.0,0.0,0.0,0.0,0.0,0.0,0.0,0.0,0.0,0.0,0.0,40.29999999701977,40.29999999701977
00-0033576,E.Saubert,0.0,0.0,0.0,0.0,0.0,12.0,3.0,3.0,0.0,0.0,0.0,0.0,0.0,0.0,0.0,0.0,0.0,0.0,0.0,0.0,0.0,0.0,0.0,0.0,0.0,4.200000047683716,4.200000047683716
00-0033589,D.Moore,0.0,0.0,1.0,0.0,0.0,94.0,5.0,7.0,0.0,0.0,0.0,0.0,0.0,0.0,0.0,0.0,0.0,0.0,0.0,0.0,0.0,0.0,0.0,0.0,0.0,20.40000057220459,20.40000057220459
00-0033591,N.Brown,0.0,0.0,2.0,0.0,-1.0,567.0,33.0,56.0,0.0,0.0,0.0,0.0,0.0,0.0,0.0,0.0,0.0,0.0,0.0,0.0,0.0,0.0,0.0,0.0,0.0,101.60000076144934,101.60000076144934
00-0033662,C.Rush,0.0,0.0,0.0,144.0,-5.0,0.0,0.0,0.0,1.0,0.0,0.0,0.0,0.0,0.0,0.0,0.0,0.0,0.0,0.0,0.0,0.0,0.0,0.0,0.0,0.0,3.2599997520446777,3.2599997520446777
00-0033699,A.Ekeler,0.0,5.0,1.0,0.0,628.0,424.0,51.0,74.0,0.0,4.0,0.0,0.0,0.0,0.0,0.0,0.0,0.0,0.0,0.0,0.0,0.0,0.0,0.0,0.0,0.0,184.20000076293945,184.20000076293945
00-0033702,Y.Koo,0.0,0.0,0.0,0.0,0.0,0.0,0.0,0.0,0.0,0.0,0.0,0.0,0.0,0.0,0.0,20.0,9.0,3.0,0.0,0.0,2.0,3.0,0.0,27.0,1.0,133.0,133.0
00-0033729,C.Johnston,0.0,0.0,0.0,0.0,-23.0,0.0,0.0,0.0,0.0,0.0,0.0,0.0,0.0,0.0,0.0,0.0,0.0,0.0,0.0,0.0,0.0,0.0,0.0,0.0,0.0,-2.299999952316284,-2.299999952316284
00-0033757,R.Tonyan,0.0,0.0,0.0,0.0,0.0,112.0,11.0,17.0,0.0,0.0,0.0,0.0,0.0,0.0,0.0,0.0,0.0,0.0,0.0,0.0,0.0,0.0,0.0,0.0,0.0,22.199999809265137,22.199999809265137
00-0033787,J.Elliott,0.0,0.0,0.0,0.0,0.0,0.0,0.0,0.0,0.0,0.0,0.0,0.0,0.0,0.0,0.0,16.0,7.0,6.0,1.0,1.0,0.0,1.0,0.0,45.0,1.0,155.0,155.0
00-0033854,D.Ogunbowale,0.0,0.0,0.0,0.0,35.0,18.0,2.0,7.0,0.0,0.0,0.0,0.0,0.0,0.0,0.0,1.0,0.0,0.0,0.0,0.0,0.0,0.0,0.0,0.0,0.0,10.300000071525574,10.300000071525574
00-0033856,L.Fournette,0.0,0.0,0.0,0.0,40.0,0.0,0.0,0.0,0.0,0.0,0.0,0.0,0.0,0.0,0.0,0.0,0.0,0.0,0.0,0.0,0.0,0.0,0.0,0.0,0.0,4.0,4.0
00-0033857,J.Smith-Schuster,0.0,0.0,1.0,0.0,0.0,260.0,29.0,47.0,0.0,0.0,0.0,0.0,0.0,0.0,0.0,0.0,0.0,0.0,0.0,0.0,0.0,0.0,0.0,0.0,0.0,61.0,61.0
00-0033858,J.Smith,0.0,0.0,3.0,0.0,0.0,582.0,50.0,70.0,0.0,1.0,0.0,0.0,0.0,0.0,0.0,0.0,0.0,0.0,0.0,0.0,0.0,0.0,0.0,0.0,0.0,124.20000076293945,124.20000076293945
00-0033863,D.Skipper,0.0,0.0,0.0,0.0,0.0,4.0,1.0,1.0,0.0,0.0,0.0,0.0,0.0,0.0,0.0,0.0,0.0,0.0,0.0,0.0,0.0,0.0,0.0,0.0,0.0,1.4000000059604645,1.4000000059604645
00-0033869,M.Trubisky,4.0,2.0,0.0,632.0,54.0,0.0,0.0,0.0,5.0,1.0,1.0,0.0,0.0,0.0,0.0,0.0,0.0,0.0,0.0,0.0,0.0,0.0,0.0,0.0,0.0,48.67999887466431,48.67999887466431
00-0033873,P.Mahomes,27.0,0.0,0.0,4183.0,388.0,0.0,0.0,0.0,14.0,3.0,0.0,0.0,0.0,0.0,0.0,0.0,0.0,0.0,0.0,0.0,0.0,0.0,0.0,0.0,0.0,280.11999130249023,280.11999130249023
00-0033881,E.Engram,0.0,0.0,4.0,0.0,0.0,963.0,114.0,144.0,0.0,2.0,0.0,0.0,0.0,0.0,0.0,0.0,0.0,0.0,0.0,0.0,0.0,0.0,0.0,0.0,0.0,230.3000030517578,230.3000030517578
00-0033885,D.Njoku,0.0,0.0,6.0,0.0,0.0,882.0,81.0,123.0,0.0,2.0,0.0,0.0,0.0,0.0,0.0,0.0,0.0,0.0,0.0,0.0,0.0,0.0,0.0,0.0,0.0,201.20000457763672,201.20000457763672
00-0033891,Z.Jones,0.0,0.0,2.0,0.0,0.0,321.0,34.0,64.0,0.0,0.0,0.0,0.0,0.0,0.0,0.0,0.0,0.0,0.0,0.0,0.0,0.0,0.0,0.0,0.0,0.0,78.10000228881836,78.10000228881836
00-0033893,D.Cook,0.0,0.0,0.0,0.0,214.0,78.0,15.0,20.0,0.0,2.0,0.0,0.0,0.0,0.0,0.0,0.0,0.0,0.0,0.0,0.0,0.0,0.0,0.0,0.0,0.0,40.19999980926514,40.19999980926514
00-0033895,G.Everett,0.0,0.0,3.0,0.0,10.0,411.0,51.0,70.0,0.0,0.0,0.0,0.0,0.0,0.0,0.0,0.0,0.0,0.0,0.0,0.0,0.0,0.0,0.0,0.0,0.0,111.10000228881836,111.10000228881836
00-0033897,J.Mixon,0.0,9.0,3.0,0.0,1034.0,376.0,52.0,65.0,0.0,0.0,0.0,0.0,1.0,0.0,0.0,0.0,0.0,0.0,0.0,0.0,0.0,0.0,0.0,0.0,0.0,267.00000381469727,267.00000381469727
00-0033906,A.Kamara,0.0,5.0,1.0,0.0,694.0,466.0,75.0,87.0,0.0,0.0,0.0,2.0,1.0,0.0,0.0,0.0,0.0,0.0,0.0,0.0,0.0,0.0,0.0,0.0,0.0,233.00000381469727,233.00000381469727
00-0033908,C.Kupp,0.0,0.0,5.0,0.0,-3.0,737.0,59.0,97.0,0.0,0.0,0.0,0.0,1.0,0.0,0.0,0.0,0.0,0.0,0.0,0.0,0.0,0.0,0.0,0.0,0.0,164.4000045657158,164.4000045657158
00-0033921,C.Godwin,0.0,1.0,2.0,0.0,38.0,1024.0,83.0,131.0,0.0,0.0,0.0,0.0,1.0,0.0,0.0,0.0,0.0,0.0,0.0,0.0,0.0,0.0,0.0,0.0,0.0,209.2000014781952,209.2000014781952
00-0033923,K.Hunt,0.0,9.0,0.0,0.0,411.0,84.0,15.0,21.0,0.0,0.0,0.0,0.0,0.0,0.0,0.0,0.0,0.0,0.0,0.0,0.0,0.0,0.0,0.0,0.0,0.0,118.50000286102295,118.50000286102295
00-0033925,D.Foreman,0.0,4.0,1.0,0.0,425.0,77.0,11.0,16.0,0.0,0.0,0.0,0.0,0.0,0.0,0.0,0.0,0.0,0.0,0.0,0.0,0.0,0.0,0.0,0.0,0.0,91.2000002861023,91.2000002861023
00-0033936,C.Beathard,1.0,0.0,0.0,349.0,35.0,0.0,0.0,0.0,0.0,0.0,0.0,0.0,0.0,0.0,0.0,0.0,0.0,0.0,0.0,0.0,0.0,0.0,0.0,0.0,0.0,21.460000038146973,21.460000038146973
00-0033943,J.Reynolds,0.0,0.0,5.0,0.0,0.0,608.0,40.0,64.0,0.0,1.0,0.0,0.0,0.0,0.0,0.0,0.0,0.0,0.0,0.0,0.0,0.0,0.0,0.0,0.0,0.0,128.79999923706055,128.79999923706055
00-0033948,J.Williams,0.0,1.0,0.0,0.0,306.0,62.0,18.0,20.0,0.0,0.0,0.0,0.0,0.0,0.0,0.0,0.0,0.0,0.0,0.0,0.0,0.0,0.0,0.0,0.0,0.0,60.80000066757202,60.80000066757202
00-0033949,J.Dobbs,13.0,6.0,0.0,2464.0,421.0,0.0,0.0,0.0,10.0,7.0,1.0,2.0,0.0,0.0,0.0,0.0,0.0,0.0,0.0,0.0,0.0,0.0,0.0,0.0,0.0,200.6599998474121,200.6599998474121
00-0033958,N.Peterman,0.0,0.0,0.0,0.0,-4.0,0.0,0.0,0.0,0.0,0.0,0.0,0.0,0.0,0.0,0.0,0.0,0.0,0.0,0.0,0.0,0.0,0.0,0.0,0.0,0.0,-0.4000000059604645,-0.4000000059604645
00-0034054,R.Cracraft,0.0,0.0,1.0,0.0,0.0,121.0,9.0,12.0,0.0,0.0,0.0,0.0,0.0,0.0,0.0,0.0,0.0,0.0,0.0,0.0,0.0,0.0,0.0,0.0,0.0,27.100000381469727,27.100000381469727
00-0034073,R.Dwelley,0.0,0.0,0.0,0.0,0.0,12.0,1.0,2.0,0.0,0.0,0.0,0.0,0.0,0.0,0.0,0.0,0.0,0.0,0.0,0.0,0.0,0.0,0.0,0.0,0.0,2.200000047683716,2.200000047683716
00-0034084,M.Badgley,0.0,0.0,0.0,0.0,0.0,0.0,0.0,0.0,0.0,0.0,0.0,0.0,0.0,0.0,0.0,3.0,1.0,0.0,0.0,0.0,0.0,0.0,0.0,13.0,2.0,26.0,26.0
00-0034115,J.Wilson,0.0,0.0,0.0,0.0,188.0,85.0,14.0,17.0,0.0,0.0,0.0,0.0,0.0,0.0,0.0,0.0,0.0,0.0,0.0,0.0,0.0,0.0,0.0,0.0,0.0,41.30000114440918,41.30000114440918
00-0034159,W.Dissly,0.0,0.0,1.0,0.0,0.0,172.0,17.0,22.0,0.0,0.0,0.0,0.0,0.0,0.0,0.0,0.0,0.0,0.0,0.0,0.0,0.0,0.0,0.0,0.0,0.0,40.20000076293945,40.20000076293945
00-0034161,D.Carlson,0.0,0.0,0.0,0.0,0.0,0.0,0.0,0.0,0.0,0.0,0.0,0.0,0.0,0.0,0.0,16.0,9.0,1.0,0.0,1.0,1.0,2.0,0.0,32.0,0.0,117.0,117.0
00-0034171,J.Cabinda,0.0,0.0,0.0,0.0,0.0,0.0,0.0,0.0,0.0,0.0,0.0,0.0,0.0,0.0,0.0,0.0,0.0,0.0,0.0,0.0,0.0,0.0,0.0,0.0,0.0,0.0,0.0
00-0034173,E.Pineiro,0.0,0.0,0.0,0.0,0.0,0.0,0.0,0.0,0.0,0.0,0.0,0.0,0.0,0.0,0.0,13.0,7.0,5.0,0.0,0.0,2.0,2.0,0.0,17.0,3.0,105.0,105.0
00-0034177,T.Boyle,1.0,0.0,0.0,360.0,5.0,0.0,0.0,0.0,4.0,0.0,0.0,0.0,0.0,0.0,0.0,0.0,0.0,0.0,0.0,0.0,0.0,0.0,0.0,0.0,0.0,10.899999618530273,10.899999618530273
00-0034184,G.Edwards,0.0,13.0,0.0,0.0,810.0,180.0,12.0,13.0,0.0,2.0,0.0,1.0,0.0,0.0,0.0,0.0,0.0,0.0,0.0,0.0,0.0,0.0,0.0,0.0,0.0,187.0,187.0
00-0034193,K.Rader,0.0,0.0,0.0,0.0,0.0,6.0,1.0,3.0,0.0,0.0,0.0,0.0,0.0,0.0,0.0,0.0,0.0,0.0,0.0,0.0,0.0,0.0,0.0,0.0,0.0,1.600000023841858,1.600000023841858
00-0034208,M.Boone,0.0,0.0,0.0,0.0,23.0,40.0,7.0,9.0,0.0,0.0,0.0,0.0,0.0,0.0,0.0,0.0,0.0,0.0,0.0,0.0,0.0,0.0,0.0,0.0,0.0,13.299999952316284,13.299999952316284
00-0034270,T.Conklin,0.0,0.0,0.0,0.0,0.0,621.0,61.0,87.0,0.0,0.0,0.0,0.0,0.0,0.0,0.0,0.0,0.0,0.0,0.0,0.0,0.0,0.0,0.0,0.0,0.0,123.10000228881836,123.10000228881836
00-0034272,M.Valdes-Scantling,0.0,0.0,1.0,0.0,0.0,315.0,21.0,42.0,0.0,1.0,0.0,0.0,0.0,0.0,0.0,0.0,0.0,0.0,0.0,0.0,0.0,0.0,0.0,0.0,0.0,56.5,56.5
00-0034279,E.St. Brown,0.0,0.0,0.0,0.0,0.0,62.0,5.0,6.0,0.0,0.0,0.0,0.0,0.0,0.0,0.0,0.0,0.0,0.0,0.0,0.0,0.0,0.0,0.0,0.0,0.0,11.200000286102295,11.200000286102295
00-0034286,R.James,0.0,0.0,0.0,0.0,0.0,114.0,10.0,14.0,0.0,1.0,0.0,0.0,0.0,0.0,0.0,0.0,0.0,0.0,0.0,0.0,0.0,0.0,0.0,0.0,0.0,19.40000057220459,19.40000057220459
00-0034297,B.Pringle,0.0,0.0,0.0,0.0,0.0,161.0,14.0,22.0,0.0,1.0,0.0,0.0,0.0,0.0,0.0,0.0,0.0,0.0,0.0,0.0,0.0,0.0,0.0,0.0,0.0,28.100000381469727,28.100000381469727
00-0034317,K.Kirkwood,0.0,0.0,1.0,0.0,0.0,37.0,5.0,9.0,0.0,0.0,0.0,0.0,0.0,0.0,0.0,0.0,0.0,0.0,0.0,0.0,0.0,0.0,0.0,0.0,0.0,14.700000047683716,14.700000047683716
00-0034348,C.Sutton,0.0,0.0,10.0,0.0,0.0,772.0,59.0,91.0,0.0,3.0,0.0,0.0,0.0,0.0,0.0,0.0,0.0,0.0,0.0,0.0,0.0,0.0,0.0,0.0,0.0,190.20000457763672,190.20000457763672
00-0034351,D.Goedert,0.0,0.0,3.0,0.0,1.0,592.0,59.0,83.0,0.0,0.0,0.0,0.0,0.0,0.0,0.0,0.0,0.0,0.0,0.0,0.0,0.0,0.0,0.0,0.0,0.0,136.30000076442957,136.30000076442957
00-0034364,J.Akins,0.0,0.0,0.0,0.0,0.0,132.0,15.0,23.0,0.0,0.0,0.0,0.0,0.0,0.0,0.0,0.0,0.0,0.0,0.0,0.0,0.0,0.0,0.0,0.0,0.0,28.199999809265137,28.199999809265137
00-0034365,I.Thomas,0.0,0.0,0.0,0.0,0.0,56.0,5.0,9.0,0.0,0.0,0.0,0.0,0.0,0.0,0.0,0.0,0.0,0.0,0.0,0.0,0.0,0.0,0.0,0.0,0.0,10.599999904632568,10.599999904632568
00-0034383,D.Schultz,0.0,0.0,5.0,0.0,0.0,635.0,59.0,89.0,0.0,1.0,0.0,0.0,0.0,0.0,0.0,0.0,0.0,0.0,0.0,0.0,0.0,0.0,0.0,0.0,0.0,150.5,150.5
00-0034386,Ju.Watson,0.0,0.0,3.0,0.0,0.0,460.0,27.0,53.0,0.0,1.0,0.0,0.0,0.0,0.0,0.0,0.0,0.0,0.0,0.0,0.0,0.0,0.0,0.0,0.0,0.0,89.0,89.0
00-0034401,M.White,1.0,0.0,0.0,74.0,-9.0,0.0,0.0,0.0,1.0,1.0,0.0,0.0,0.0,0.0,0.0,0.0,0.0,0.0,0.0,0.0,0.0,0.0,0.0,0.0,0.0,2.060000002384186,2.060000002384186
00-0034407,R.McCloud,0.0,0.0,0.0,0.0,30.0,135.0,12.0,15.0,0.0,0.0,0.0,0.0,0.0,0.0,0.0,0.0,0.0,0.0,0.0,0.0,0.0,0.0,0.0,0.0,0.0,28.5,28.5
00-0034414,B.Scott,0.0,0.0,0.0,0.0,86.0,52.0,4.0,6.0,0.0,1.0,0.0,0.0,0.0,0.0,0.0,0.0,0.0,0.0,0.0,0.0,0.0,0.0,0.0,0.0,0.0,15.800000667572021,15.800000667572021
00-0034418,C.Wilson,0.0,0.0,3.0,0.0,0.0,296.0,22.0,38.0,0.0,0.0,0.0,0.0,0.0,0.0,0.0,0.0,0.0,0.0,0.0,0.0,0.0,0.0,0.0,0.0,0.0,69.60000038146973,69.60000038146973
00-0034419,B.Berrios,0.0,0.0,1.0,0.0,11.0,238.0,27.0,33.0,0.0,0.0,0.0,0.0,0.0,0.0,0.0,0.0,0.0,0.0,0.0,0.0,0.0,0.0,0.0,0.0,0.0,57.90000116825104,57.90000116825104
00-0034433,N.Bawden,0.0,1.0,0.0,0.0,4.0,21.0,3.0,3.0,0.0,0.0,0.0,0.0,0.0,0.0,0.0,0.0,0.0,0.0,0.0,0.0,0.0,0.0,0.0,0.0,0.0,11.500000149011612,11.500000149011612
00-0034437,L.Cooke,0.0,0.0,0.0,13.0,0.0,0.0,0.0,0.0,0.0,0.0,0.0,0.0,0.0,0.0,0.0,0.0,0.0,0.0,0.0,0.0,0.0,0.0,0.0,0.0,0.0,0.5199999809265137,0.5199999809265137
00-0034438,L.Woodside,0.0,0.0,0.0,27.0,6.0,0.0,0.0,0.0,1.0,0.0,0.0,0.0,0.0,0.0,0.0,0.0,0.0,0.0,0.0,0.0,0.0,0.0,0.0,0.0,0.0,-0.3200000524520874,-0.3200000524520874
00-0034450,G.Joseph,0.0,0.0,0.0,0.0,0.0,0.0,0.0,0.0,0.0,0.0,0.0,0.0,0.0,0.0,0.0,17.0,3.0,4.0,0.0,0.0,3.0,3.0,0.0,36.0,2.0,113.0,113.0
00-0034487,T.Sherfield,0.0,0.0,1.0,0.0,0.0,86.0,11.0,22.0,0.0,0.0,0.0,0.0,0.0,0.0,0.0,0.0,0.0,0.0,0.0,0.0,0.0,0.0,0.0,0.0,0.0,25.600000381469727,25.600000381469727
00-0034490,E.Turner,0.0,0.0,0.0,0.0,2.0,0.0,0.0,0.0,0.0,0.0,0.0,0.0,0.0,0.0,0.0,0.0,0.0,0.0,0.0,0.0,0.0,0.0,0.0,0.0,0.0,0.20000000298023224,0.20000000298023224
00-0034521,A.Lazard,0.0,0.0,1.0,0.0,0.0,311.0,23.0,49.0,0.0,0.0,0.0,0.0,0.0,0.0,0.0,0.0,0.0,0.0,0.0,0.0,0.0,0.0,0.0,0.0,0.0,60.10000038146973,60.10000038146973
00-0034575,D.Wells,0.0,0.0,0.0,0.0,0.0,-10.0,2.0,2.0,0.0,0.0,0.0,0.0,0.0,0.0,0.0,0.0,0.0,0.0,0.0,0.0,0.0,0.0,0.0,0.0,0.0,1.0,1.0
00-0034577,K.Allen,0.0,0.0,0.0,0.0,-13.0,0.0,0.0,0.0,0.0,0.0,0.0,0.0,0.0,0.0,0.0,0.0,0.0,0.0,0.0,0.0,0.0,0.0,0.0,0.0,0.0,-1.3000000715255737,-1.3000000715255737
00-0034613,T.Hudson,0.0,0.0,1.0,0.0,0.0,352.0,39.0,50.0,0.0,0.0,0.0,0.0,0.0,0.0,0.0,0.0,0.0,0.0,0.0,0.0,0.0,0.0,0.0,0.0,0.0,80.20000076293945,80.20000076293945
00-0034646,B.Powell,0.0,0.0,1.0,0.0,17.0,324.0,29.0,44.0,0.0,1.0,0.0,0.0,0.0,0.0,0.0,0.0,0.0,0.0,0.0,0.0,0.0,0.0,0.0,0.0,0.0,67.10000157356262,67.10000157356262
00-0034681,C.Edmonds,0.0,0.0,0.0,0.0,176.0,81.0,14.0,17.0,0.0,0.0,0.0,0.0,0.0,0.0,0.0,0.0,0.0,0.0,0.0,0.0,0.0,0.0,0.0,0.0,0.0,39.70000076293945,39.70000076293945
00-0034750,R.Penny,0.0,0.0,0.0,0.0,33.0,5.0,1.0,1.0,0.0,0.0,0.0,0.0,0.0,0.0,0.0,0.0,0.0,0.0,0.0,0.0,0.0,0.0,0.0,0.0,0.0,4.799999952316284,4.799999952316284
00-0034753,M.Andrews,0.0,0.0,6.0,0.0,0.0,544.0,45.0,61.0,0.0,0.0,0.0,0.0,0.0,0.0,0.0,0.0,0.0,0.0,0.0,0.0,0.0,0.0,0.0,0.0,0.0,135.4000015258789,135.4000015258789
00-0034764,M.Gallup,0.0,0.0,2.0,0.0,0.0,418.0,34.0,57.0,0.0,0.0,0.0,0.0,0.0,0.0,0.0,0.0,0.0,0.0,0.0,0.0,0.0,0.0,0.0,0.0,0.0,87.79999923706055,87.79999923706055
00-0034771,M.Rudolph,3.0,0.0,0.0,719.0,8.0,0.0,0.0,0.0,0.0,1.0,0.0,0.0,0.0,0.0,0.0,0.0,0.0,0.0,0.0,0.0,0.0,0.0,0.0,0.0,0.0,39.560000240802765,39.560000240802765
00-0034775,C.Kirk,0.0,0.0,3.0,-1.0,6.0,787.0,57.0,85.0,0.0,2.0,0.0,0.0,0.0,0.0,0.0,0.0,0.0,0.0,0.0,0.0,0.0,0.0,0.0,0.0,0.0,150.26000460237265,150.26000460237265
00-0034777,D.Chark,0.0,0.0,5.0,0.0,0.0,525.0,35.0,66.0,0.0,1.0,0.0,0.0,0.0,0.0,0.0,0.0,0.0,0.0,0.0,0.0,0.0,0.0,0.0,0.0,0.0,115.5,115.5
00-0034791,N.Chubb,0.0,0.0,0.0,0.0,170.0,21.0,4.0,4.0,0.0,0.0,0.0,0.0,0.0,0.0,0.0,0.0,0.0,0.0,0.0,0.0,0.0,0.0,0.0,0.0,0.0,23.100000143051147,23.100000143051147
00-0034794,J.Sanders,0.0,0.0,0.0,0.0,0.0,0.0,0.0,0.0,0.0,0.0,0.0,0.0,0.0,0.0,0.0,13.0,6.0,5.0,0.0,0.0,2.0,2.0,0.0,58.0,1.0,142.0,142.0
00-0034796,L.Jackson,24.0,5.0,0.0,3678.0,821.0,0.0,0.0,0.0,7.0,6.0,1.0,0.0,0.0,0.0,0.0,0.0,0.0,0.0,0.0,0.0,0.0,0.0,0.0,0.0,0.0,331.2199935913086,331.2199935913086
00-0034798,D.Smythe,0.0,0.0,0.0,0.0,0.0,366.0,35.0,43.0,0.0,0.0,0.0,0.0,0.0,0.0,0.0,0.0,0.0,0.0,0.0,0.0,0.0,0.0,0.0,0.0,0.0,71.60000228881836,71.60000228881836
00-0034827,D.Moore,0.0,1.0,8.0,0.0,21.0,1364.0,96.0,138.0,0.0,1.0,0.0,0.0,0.0,0.0,0.0,0.0,0.0,0.0,0.0,0.0,0.0,0.0,0.0,0.0,0.0,286.5000092983246,286.5000092983246
00-0034829,M.Gesicki,0.0,0.0,2.0,0.0,0.0,244.0,29.0,46.0,0.0,0.0,0.0,0.0,0.0,0.0,0.0,0.0,0.0,0.0,0.0,0.0,0.0,0.0,0.0,0.0,0.0,65.39999961853027,65.39999961853027
00-0034830,H.Hurst,0.0,0.0,1.0,0.0,0.0,184.0,18.0,32.0,0.0,0.0,0.0,0.0,0.0,0.0,0.0,0.0,0.0,0.0,0.0,0.0,0.0,0.0,0.0,0.0,0.0,42.39999961853027,42.39999961853027
00-0034837,C.Ridley,0.0,0.0,8.0,0.0,23.0,1016.0,76.0,137.0,0.0,0.0,0.0,0.0,1.0,0.0,0.0,0.0,0.0,0.0,0.0,0.0,0.0,0.0,0.0,0.0,0.0,229.89999842643738,229.89999842643738
00-0034838,R.Freeman,0.0,2.0,0.0,0.0,319.0,13.0,1.0,2.0,0.0,0.0,0.0,0.0,0.0,0.0,0.0,0.0,0.0,0.0,0.0,0.0,0.0,0.0,0.0,0.0,0.0,46.19999969005585,46.19999969005585
00-0034844,S.Barkley,0.0,6.0,4.0,0.0,962.0,280.0,41.0,61.0,0.0,2.0,0.0,1.0,0.0,0.0,0.0,0.0,0.0,0.0,0.0,0.0,0.0,0.0,0.0,0.0,0.0,223.20000457763672,223.20000457763672
00-0034854,K.Hodge,0.0,0.0,0.0,0.0,0.0,232.0,14.0,23.0,0.0,0.0,0.0,0.0,0.0,0.0,0.0,0.0,0.0,0.0,0.0,0.0,0.0,0.0,0.0,0.0,0.0,37.20000076293945,37.20000076293945
00-0034855,B.Mayfield,28.0,1.0,0.0,4044.0,163.0,0.0,0.0,0.0,10.0,3.0,2.0,0.0,0.0,0.0,0.0,0.0,0.0,0.0,0.0,0.0,0.0,0.0,0.0,0.0,0.0,274.0599956512451,274.0599956512451
00-0034857,J.Allen,29.0,15.0,0.0,4306.0,524.0,0.0,0.0,0.0,18.0,4.0,3.0,0.0,0.0,0.0,0.0,0.0,0.0,0.0,0.0,0.0,0.0,0.0,0.0,0.0,0.0,392.6399917602539,392.6399917602539
00-0034869,S.Darnold,2.0,1.0,0.0,297.0,15.0,0.0,0.0,0.0,1.0,1.0,0.0,0.0,0.0,0.0,0.0,0.0,0.0,0.0,0.0,0.0,0.0,0.0,0.0,0.0,0.0,23.380000114440918,23.380000114440918
00-0034903,,0.0,0.0,0.0,0.0,0.0,0.0,0.0,0.0,0.0,1.0,0.0,0.0,0.0,0.0,0.0,0.0,0.0,0.0,0.0,0.0,0.0,0.0,0.0,0.0,0.0,-2.0,-2.0
00-0034928,S.Sims,0.0,0.0,0.0,0.0,1.0,25.0,3.0,3.0,0.0,0.0,0.0,0.0,0.0,0.0,0.0,0.0,0.0,0.0,0.0,0.0,0.0,0.0,0.0,0.0,0.0,5.600000001490116,5.600000001490116
00-0034955,B.Rypien,0.0,0.0,0.0,172.0,19.0,0.0,0.0,0.0,1.0,1.0,0.0,0.0,0.0,0.0,0.0,0.0,0.0,0.0,0.0,0.0,0.0,0.0,0.0,0.0,0.0,4.779999613761902,4.779999613761902
00-0034959,A.Beck,0.0,1.0,2.0,0.0,3.0,55.0,11.0,14.0,0.0,1.0,0.0,0.0,0.0,1.0,0.0,0.0,0.0,0.0,0.0,0.0,0.0,0.0,0.0,0.0,0.0,38.80000001192093,38.80000001192093
00-0034960,J.Meyers,1.0,2.0,8.0,12.0,24.0,807.0,71.0,106.0,0.0,0.0,0.0,0.0,0.0,0.0,0.0,0.0,0.0,0.0,0.0,0.0,0.0,0.0,0.0,0.0,0.0,218.58000466227531,218.58000466227531
00-0034970,I.Smith,0.0,0.0,1.0,0.0,0.0,115.0,18.0,26.0,0.0,1.0,0.0,0.0,0.0,0.0,0.0,0.0,0.0,0.0,0.0,0.0,0.0,0.0,0.0,0.0,0.0,33.5,33.5
00-0034972,A.Mattison,0.0,0.0,3.0,0.0,700.0,192.0,30.0,44.0,0.0,2.0,0.0,0.0,0.0,0.0,0.0,0.0,0.0,0.0,0.0,0.0,0.0,0.0,0.0,0.0,0.0,133.20000076293945,133.20000076293945
00-0034975,J.Hill,0.0,3.0,1.0,0.0,387.0,206.0,28.0,39.0,0.0,1.0,0.0,0.0,0.0,0.0,0.0,0.0,0.0,0.0,0.0,0.0,0.0,0.0,0.0,0.0,0.0,109.30000114440918,109.30000114440918
00-0034981,F.Moreau,0.0,0.0,1.0,0.0,0.0,193.0,21.0,25.0,0.0,0.0,0.0,0.0,0.0,0.0,0.0,0.0,0.0,0.0,0.0,0.0,0.0,0.0,0.0,0.0,0.0,46.30000114440918,46.30000114440918
00-0034983,H.Renfrow,0.0,0.0,0.0,0.0,0.0,255.0,25.0,37.0,0.0,1.0,0.0,0.0,0.0,0.0,0.0,0.0,0.0,0.0,0.0,0.0,0.0,0.0,0.0,0.0,0.0,48.5,48.5
00-0035042,J.Gillan,0.0,0.0,0.0,0.0,0.0,0.0,0.0,0.0,0.0,0.0,0.0,0.0,0.0,0.0,0.0,0.0,1.0,0.0,0.0,0.0,0.0,0.0,0.0,0.0,0.0,4.0,4.0
00-0035045,D.Montgomery,0.0,0.0,1.0,0.0,0.0,56.0,3.0,8.0,0.0,0.0,0.0,0.0,0.0,0.0,0.0,0.0,0.0,0.0,0.0,0.0,0.0,0.0,0.0,0.0,0.0,14.599999904632568,14.599999904632568
00-0035099,K.Blasingame,0.0,0.0,0.0,0.0,26.0,2.0,3.0,7.0,0.0,0.0,0.0,0.0,0.0,0.0,0.0,0.0,0.0,0.0,0.0,0.0,0.0,0.0,0.0,0.0,0.0,5.80000014603138,5.80000014603138
00-0035100,J.Browning,12.0,3.0,0.0,1936.0,127.0,-7.0,1.0,1.0,7.0,0.0,1.0,0.0,0.0,0.0,0.0,0.0,0.0,0.0,0.0,0.0,0.0,0.0,0.0,0.0,0.0,144.43999463319778,144.43999463319778
00-0035120,K.Doss,0.0,0.0,0.0,0.0,0.0,33.0,6.0,13.0,0.0,0.0,0.0,0.0,0.0,0.0,0.0,0.0,0.0,0.0,0.0,0.0,0.0,0.0,0.0,0.0,0.0,9.299999952316284,9.299999952316284
00-0035125,A.Ingold,0.0,0.0,0.0,0.0,0.0,119.0,13.0,16.0,0.0,0.0,0.0,0.0,0.0,0.0,0.0,0.0,0.0,0.0,0.0,0.0,0.0,0.0,0.0,0.0,0.0,24.90000057220459,24.90000057220459
00-0035133,K.Nixon,0.0,0.0,0.0,0.0,11.0,0.0,0.0,0.0,0.0,1.0,0.0,0.0,0.0,0.0,0.0,0.0,0.0,0.0,0.0,0.0,0.0,0.0,0.0,0.0,0.0,-0.8999999761581421,-0.8999999761581421
00-0035140,M.Hardman,0.0,0.0,0.0,0.0,3.0,124.0,15.0,24.0,0.0,1.0,0.0,0.0,0.0,0.0,0.0,0.0,0.0,0.0,0.0,0.0,0.0,0.0,0.0,0.0,0.0,25.70000058412552,25.70000058412552
00-0035145,A.Seibert,0.0,0.0,0.0,0.0,0.0,0.0,0.0,0.0,0.0,0.0,0.0,0.0,0.0,0.0,0.0,1.0,0.0,0.0,0.0,0.0,0.0,0.0,0.0,1.0,0.0,4.0,4.0
00-0035164,C.Thompson,0.0,0.0,0.0,0.0,0.0,10.0,1.0,1.0,0.0,0.0,0.0,0.0,0.0,0.0,0.0,0.0,0.0,0.0,0.0,0.0,0.0,0.0,0.0,0.0,0.0,2.0,2.0
00-0035184,D.Ozigbo,0.0,0.0,0.0,0.0,5.0,8.0,1.0,1.0,0.0,0.0,0.0,0.0,0.0,0.0,0.0,0.0,0.0,0.0,0.0,0.0,0.0,0.0,0.0,0.0,0.0,2.300000011920929,2.300000011920929
00-0035189,M.Wright,0.0,0.0,0.0,0.0,0.0,0.0,0.0,0.0,0.0,0.0,0.0,0.0,0.0,0.0,0.0,0.0,0.0,0.0,0.0,0.0,0.0,1.0,0.0,0.0,0.0,-1.0,-1.0
00-0035190,A.Cole,0.0,0.0,0.0,0.0,0.0,0.0,0.0,0.0,0.0,0.0,0.0,0.0,0.0,0.0,0.0,0.0,0.0,0.0,0.0,0.0,0.0,0.0,0.0,0.0,0.0,0.0,0.0
00-0035192,J.Slye,0.0,0.0,0.0,0.0,0.0,0.0,0.0,0.0,0.0,0.0,0.0,0.0,0.0,0.0,0.0,9.0,7.0,2.0,1.0,1.0,2.0,2.0,0.0,32.0,3.0,98.0,98.0
00-0035208,O.Zaccheaus,0.0,0.0,2.0,0.0,0.0,164.0,10.0,20.0,0.0,0.0,0.0,0.0,0.0,0.0,0.0,0.0,0.0,0.0,0.0,0.0,0.0,0.0,0.0,0.0,0.0,38.39999961853027,38.39999961853027
00-0035215,D.Harty,0.0,0.0,1.0,0.0,0.0,150.0,15.0,21.0,0.0,1.0,0.0,0.0,0.0,0.0,1.0,0.0,0.0,0.0,0.0,0.0,0.0,0.0,0.0,0.0,0.0,40.0,40.0
00-0035216,D.Johnson,0.0,0.0,5.0,0.0,0.0,710.0,51.0,87.0,0.0,0.0,0.0,0.0,0.0,0.0,0.0,0.0,0.0,0.0,0.0,0.0,0.0,0.0,0.0,0.0,0.0,152.0,152.0
00-0035228,K.Murray,10.0,3.0,0.0,1799.0,244.0,0.0,0.0,0.0,5.0,0.0,1.0,0.0,0.0,0.0,0.0,0.0,0.0,0.0,0.0,0.0,0.0,0.0,0.0,0.0,0.0,146.35999870300293,146.35999870300293
00-0035229,T.Hockenson,0.0,0.0,5.0,0.0,0.0,960.0,95.0,127.0,0.0,1.0,0.0,0.0,0.0,0.0,0.0,0.0,0.0,0.0,0.0,0.0,0.0,0.0,0.0,0.0,0.0,219.0,219.0
00-0035243,M.Sanders,0.0,1.0,0.0,0.0,432.0,154.0,27.0,41.0,0.0,2.0,0.0,0.0,0.0,0.0,0.0,0.0,0.0,0.0,0.0,0.0,0.0,0.0,0.0,0.0,0.0,87.60000133514404,87.60000133514404
00-0035249,J.Oliver,0.0,0.0,2.0,0.0,0.0,213.0,22.0,28.0,0.0,1.0,0.0,0.0,0.0,0.0,0.0,0.0,0.0,0.0,0.0,0.0,0.0,0.0,0.0,0.0,0.0,53.30000114440918,53.30000114440918
00-0035250,D.Singletary,1.0,4.0,0.0,6.0,898.0,193.0,30.0,38.0,0.0,0.0,0.0,0.0,0.0,0.0,0.0,0.0,0.0,0.0,0.0,0.0,0.0,0.0,0.0,0.0,0.0,167.34000419080257,167.34000419080257
00-0035259,T.Wesco,0.0,0.0,0.0,0.0,0.0,21.0,1.0,3.0,0.0,0.0,0.0,0.0,0.0,0.0,0.0,0.0,0.0,0.0,0.0,0.0,0.0,0.0,0.0,0.0,0.0,3.1000001430511475,3.1000001430511475
00-0035261,T.Pollard,0.0,6.0,0.0,0.0,1005.0,311.0,55.0,67.0,0.0,1.0,0.0,1.0,0.0,0.0,0.0,0.0,0.0,0.0,0.0,0.0,0.0,0.0,0.0,0.0,0.0,222.60000038146973,222.60000038146973
00-0035264,J.Stidham,2.0,0.0,0.0,496.0,8.0,0.0,0.0,0.0,1.0,0.0,0.0,0.0,0.0,0.0,0.0,0.0,0.0,0.0,0.0,0.0,0.0,0.0,0.0,0.0,0.0,26.64000016450882,26.64000016450882
00-0035269,M.Gay,0.0,0.0,0.0,0.0,0.0,0.0,0.0,0.0,0.0,0.0,0.0,0.0,0.0,0.0,0.0,18.0,7.0,8.0,0.0,1.0,2.0,4.0,1.0,35.0,1.0,149.0,149.0
00-0035282,E.Stick,3.0,1.0,0.0,1129.0,144.0,0.0,0.0,0.0,1.0,4.0,0.0,0.0,0.0,0.0,0.0,0.0,0.0,0.0,0.0,0.0,0.0,0.0,0.0,0.0,0.0,67.5600004196167,67.5600004196167
00-0035289,G.Minshew,15.0,3.0,0.0,3305.0,100.0,0.0,0.0,0.0,9.0,5.0,2.0,0.0,0.0,0.0,0.0,0.0,0.0,0.0,0.0,0.0,0.0,0.0,0.0,0.0,0.0,196.1999969482422,196.1999969482422
00-0035291,T.Williams,0.0,0.0,0.0,0.0,69.0,10.0,7.0,9.0,0.0,0.0,0.0,0.0,0.0,0.0,0.0,0.0,0.0,0.0,0.0,0.0,0.0,0.0,0.0,0.0,0.0,14.900000095367432,14.900000095367432
00-0035298,S.Miller,0.0,0.0,2.0,0.0,0.0,161.0,11.0,16.0,0.0,0.0,0.0,0.0,0.0,0.0,0.0,0.0,0.0,0.0,0.0,0.0,0.0,0.0,0.0,0.0,0.0,39.10000038146973,39.10000038146973
00-0035329,D.Parham,0.0,0.0,4.0,0.0,0.0,285.0,27.0,41.0,0.0,0.0,0.0,0.0,0.0,0.0,0.0,0.0,0.0,0.0,0.0,0.0,0.0,0.0,0.0,0.0,0.0,79.5,79.5
00-0035341,T.Irwin,0.0,0.0,1.0,0.0,0.0,316.0,25.0,32.0,0.0,0.0,0.0,0.0,0.0,0.0,0.0,0.0,0.0,0.0,0.0,0.0,0.0,0.0,0.0,0.0,0.0,62.60000038146973,62.60000038146973
00-0035358,C.McLaughlin,0.0,0.0,0.0,0.0,0.0,0.0,0.0,0.0,0.0,0.0,0.0,0.0,0.0,0.0,0.0,20.0,2.0,7.0,0.0,0.0,1.0,1.0,0.0,33.0,0.0,134.0,134.0
00-0035406,L.Humphrey,0.0,0.0,3.0,0.0,0.0,162.0,13.0,19.0,0.0,0.0,0.0,0.0,0.0,0.0,0.0,0.0,0.0,0.0,0.0,0.0,0.0,0.0,0.0,0.0,0.0,47.20000076293945,47.20000076293945
00-0035414,J.Guyton,0.0,0.0,1.0,0.0,0.0,89.0,10.0,21.0,0.0,0.0,0.0,0.0,0.0,0.0,0.0,0.0,0.0,0.0,0.0,0.0,0.0,0.0,0.0,0.0,0.0,24.90000057220459,24.90000057220459
00-0035480,M.Taylor,0.0,0.0,0.0,0.0,0.0,13.0,2.0,4.0,0.0,0.0,0.0,0.0,0.0,0.0,0.0,0.0,0.0,0.0,0.0,0.0,0.0,0.0,0.0,0.0,0.0,3.3000000715255737,3.3000000715255737
00-0035500,G.Dortch,0.0,0.0,2.0,0.0,5.0,280.0,24.0,41.0,0.0,0.0,0.0,0.0,0.0,0.0,0.0,0.0,0.0,0.0,0.0,0.0,0.0,0.0,0.0,0.0,0.0,64.5,64.5
00-0035535,D.Slayton,0.0,0.0,4.0,0.0,0.0,770.0,50.0,79.0,0.0,0.0,0.0,0.0,0.0,0.0,0.0,0.0,0.0,0.0,0.0,0.0,0.0,0.0,0.0,0.0,0.0,151.0,151.0
00-0035537,T.Johnson,0.0,0.0,1.0,0.0,132.0,62.0,7.0,7.0,0.0,0.0,0.0,0.0,0.0,0.0,0.0,0.0,0.0,0.0,0.0,0.0,0.0,0.0,0.0,0.0,0.0,32.40000009536743,32.40000009536743
00-0035562,J.Horsted,0.0,0.0,0.0,0.0,0.0,4.0,1.0,1.0,0.0,0.0,0.0,0.0,0.0,0.0,0.0,0.0,0.0,0.0,0.0,0.0,0.0,0.0,0.0,0.0,0.0,1.4000000059604645,1.4000000059604645
00-0035567,C.Reynolds,0.0,1.0,0.0,0.0,179.0,47.0,5.0,5.0,0.0,2.0,0.0,0.0,0.0,0.0,0.0,0.0,0.0,0.0,0.0,0.0,0.0,0.0,0.0,0.0,0.0,29.59999990463257,29.59999990463257
00-0035593,J.Winfree,0.0,0.0,0.0,0.0,0.0,0.0,0.0,1.0,0.0,0.0,0.0,0.0,0.0,0.0,0.0,0.0,0.0,0.0,0.0,0.0,0.0,0.0,0.0,0.0,0.0,0.0,0.0
00-0035594,T.Homer,0.0,0.0,0.0,0.0,0.0,0.0,0.0,1.0,0.0,0.0,0.0,0.0,0.0,0.0,0.0,0.0,0.0,0.0,0.0,0.0,0.0,0.0,0.0,0.0,0.0,0.0,0.0
00-0035628,D.Johnson,0.0,0.0,0.0,0.0,108.0,140.0,10.0,12.0,0.0,0.0,0.0,0.0,0.0,0.0,0.0,0.0,0.0,0.0,0.0,0.0,0.0,0.0,0.0,0.0,0.0,34.80000019073486,34.80000019073486
00-0035631,D.Sample,0.0,0.0,2.0,0.0,0.0,163.0,22.0,27.0,0.0,0.0,0.0,0.0,0.0,0.0,0.0,0.0,0.0,0.0,0.0,0.0,0.0,0.0,0.0,0.0,0.0,50.30000114440918,50.30000114440918
00-0035632,A.Hooker,0.0,0.0,0.0,0.0,2.0,0.0,0.0,0.0,0.0,0.0,0.0,0.0,0.0,0.0,0.0,0.0,0.0,0.0,0.0,0.0,0.0,0.0,0.0,0.0,0.0,0.20000000298023224,0.20000000298023224
00-0035639,P.Campbell,0.0,0.0,0.0,0.0,0.0,104.0,20.0,27.0,0.0,0.0,0.0,0.0,0.0,0.0,0.0,0.0,0.0,0.0,0.0,0.0,0.0,0.0,0.0,0.0,0.0,30.40000057220459,30.40000057220459
00-0035640,D.Metcalf,0.0,0.0,8.0,0.0,0.0,1114.0,66.0,119.0,0.0,0.0,0.0,0.0,0.0,0.0,0.0,0.0,0.0,0.0,0.0,0.0,0.0,0.0,0.0,0.0,0.0,225.4000015258789,225.4000015258789
00-0035643,J.Simmons,0.0,0.0,1.0,0.0,0.0,2.0,1.0,1.0,0.0,0.0,0.0,0.0,0.0,0.0,0.0,0.0,0.0,0.0,0.0,0.0,0.0,0.0,0.0,0.0,0.0,7.200000002980232,7.200000002980232
00-0035644,N.Fant,0.0,0.0,0.0,0.0,0.0,414.0,32.0,43.0,0.0,0.0,0.0,0.0,0.0,0.0,0.0,0.0,0.0,0.0,0.0,0.0,0.0,0.0,0.0,0.0,0.0,73.4000015258789,73.4000015258789
00-0035645,G.Olszewski,0.0,0.0,0.0,0.0,0.0,0.0,1.0,1.0,0.0,2.0,0.0,0.0,0.0,0.0,1.0,0.0,0.0,0.0,0.0,0.0,0.0,0.0,0.0,0.0,0.0,3.0,3.0
00-0035657,D.Harris,0.0,1.0,0.0,0.0,94.0,16.0,2.0,2.0,0.0,0.0,0.0,0.0,0.0,0.0,0.0,0.0,0.0,0.0,0.0,0.0,0.0,0.0,0.0,0.0,0.0,19.000000596046448,19.000000596046448
00-0035659,T.McLaurin,0.0,0.0,4.0,0.0,0.0,1002.0,79.0,132.0,0.0,0.0,0.0,0.0,0.0,0.0,0.0,0.0,0.0,0.0,0.0,0.0,0.0,0.0,0.0,0.0,0.0,203.20000457763672,203.20000457763672
00-0035662,M.Brown,0.0,0.0,4.0,0.0,23.0,574.0,51.0,104.0,0.0,0.0,0.0,0.0,0.0,0.0,0.0,0.0,0.0,0.0,0.0,0.0,0.0,0.0,0.0,0.0,0.0,134.7000014781952,134.7000014781952
00-0035664,D.Henderson,0.0,2.0,0.0,0.0,112.0,103.0,10.0,14.0,0.0,0.0,0.0,0.0,0.0,0.0,0.0,0.0,0.0,0.0,0.0,0.0,0.0,0.0,0.0,0.0,0.0,43.5,43.5
00-0035676,A.Brown,0.0,0.0,7.0,0.0,0.0,1456.0,106.0,158.0,0.0,2.0,0.0,0.0,0.0,0.0,0.0,0.0,0.0,0.0,0.0,0.0,0.0,0.0,0.0,0.0,0.0,289.6000061035156,289.6000061035156
00-0035685,D.Montgomery,0.0,13.0,0.0,0.0,1015.0,117.0,16.0,24.0,0.0,1.0,0.0,1.0,0.0,0.0,0.0,0.0,0.0,0.0,0.0,0.0,0.0,0.0,0.0,0.0,0.0,207.19999980926514,207.19999980926514
00-0035688,T.Pipkins,0.0,0.0,0.0,0.0,0.0,0.0,0.0,1.0,0.0,0.0,0.0,0.0,1.0,0.0,0.0,0.0,0.0,0.0,0.0,0.0,0.0,0.0,0.0,0.0,0.0,2.0,2.0
00-0035689,D.Knox,0.0,0.0,2.0,0.0,0.0,186.0,22.0,37.0,0.0,0.0,0.0,0.0,1.0,0.0,0.0,0.0,0.0,0.0,0.0,0.0,0.0,0.0,0.0,0.0,0.0,54.60000038146973,54.60000038146973
00-0035700,J.Jacobs,0.0,6.0,0.0,0.0,805.0,296.0,37.0,54.0,0.0,1.0,0.0,0.0,0.0,0.0,0.0,0.0,0.0,0.0,0.0,0.0,0.0,0.0,0.0,0.0,0.0,181.10000038146973,181.10000038146973
00-0035703,M.Boykin,0.0,0.0,0.0,0.0,0.0,17.0,3.0,5.0,0.0,0.0,0.0,0.0,0.0,0.0,0.0,0.0,0.0,0.0,0.0,0.0,0.0,0.0,0.0,0.0,0.0,4.700000047683716,4.700000047683716
00-0035704,D.Lock,3.0,0.0,0.0,543.0,14.0,0.0,0.0,0.0,3.0,0.0,0.0,0.0,0.0,0.0,0.0,0.0,0.0,0.0,0.0,0.0,0.0,0.0,0.0,0.0,0.0,29.119999289512634,29.119999289512634
00-0035710,D.Jones,2.0,1.0,0.0,909.0,206.0,0.0,0.0,0.0,6.0,1.0,0.0,0.0,0.0,0.0,0.0,0.0,0.0,0.0,0.0,0.0,0.0,0.0,0.0,0.0,0.0,56.96000099182129,56.96000099182129
00-0035715,D.Gore,0.0,0.0,0.0,0.0,26.0,0.0,0.0,0.0,0.0,0.0,0.0,0.0,0.0,0.0,0.0,0.0,0.0,0.0,0.0,0.0,0.0,0.0,0.0,0.0,0.0,2.6000001430511475,2.6000001430511475
00-0035719,D.Samuel,0.0,5.0,7.0,0.0,225.0,892.0,60.0,89.0,0.0,0.0,0.0,0.0,0.0,0.0,0.0,0.0,0.0,0.0,0.0,0.0,0.0,0.0,0.0,0.0,0.0,243.70000457763672,243.70000457763672
00-0035726,Jak.Johnson,0.0,0.0,0.0,0.0,0.0,12.0,1.0,2.0,0.0,0.0,0.0,0.0,0.0,0.0,0.0,0.0,0.0,0.0,0.0,0.0,0.0,0.0,0.0,0.0,0.0,2.200000047683716,2.200000047683716
00-0035771,M.Wilcox,0.0,0.0,0.0,0.0,0.0,56.0,9.0,12.0,0.0,0.0,0.0,0.0,0.0,0.0,0.0,0.0,0.0,0.0,0.0,0.0,0.0,0.0,0.0,0.0,0.0,14.599999904632568,14.599999904632568
00-0035806,J.Hasty,0.0,0.0,0.0,0.0,0.0,0.0,0.0,2.0,0.0,0.0,0.0,0.0,0.0,0.0,0.0,0.0,0.0,0.0,0.0,0.0,0.0,0.0,0.0,0.0,0.0,0.0,0.0
00-0035831,J.Robinson,0.0,0.0,0.0,0.0,2.0,-2.0,1.0,1.0,0.0,0.0,0.0,0.0,0.0,0.0,0.0,0.0,0.0,0.0,0.0,0.0,0.0,0.0,0.0,0.0,0.0,1.0,1.0
00-0035859,B.Gillikin,0.0,0.0,0.0,0.0,10.0,0.0,0.0,0.0,0.0,0.0,0.0,0.0,0.0,0.0,0.0,0.0,0.0,0.0,0.0,0.0,0.0,0.0,0.0,0.0,0.0,1.0,1.0
00-0035860,T.Jones,0.0,2.0,0.0,0.0,95.0,37.0,7.0,10.0,0.0,0.0,0.0,0.0,0.0,0.0,0.0,0.0,0.0,0.0,0.0,0.0,0.0,0.0,0.0,0.0,0.0,32.200000047683716,32.200000047683716
00-0035889,T.Townsend,0.0,0.0,0.0,11.0,0.0,0.0,0.0,0.0,0.0,0.0,0.0,0.0,0.0,0.0,0.0,0.0,0.0,0.0,0.0,0.0,0.0,0.0,0.0,0.0,0.0,0.4399999976158142,0.4399999976158142
00-0035924,J.Ward,0.0,0.0,0.0,0.0,11.0,0.0,0.0,0.0,0.0,0.0,0.0,0.0,0.0,0.0,0.0,0.0,0.0,0.0,0.0,0.0,0.0,0.0,0.0,0.0,0.0,1.100000023841858,1.100000023841858
00-0035934,T.Jackson,0.0,0.0,0.0,0.0,0.0,9.0,2.0,5.0,0.0,0.0,0.0,0.0,1.0,0.0,0.0,0.0,0.0,0.0,0.0,0.0,0.0,0.0,0.0,0.0,0.0,4.900000035762787,4.900000035762787
00-0035956,G.Ricci,0.0,0.0,0.0,0.0,0.0,2.0,1.0,1.0,0.0,0.0,0.0,0.0,0.0,0.0,0.0,0.0,0.0,0.0,0.0,0.0,0.0,0.0,0.0,0.0,0.0,1.2000000029802322,1.2000000029802322
00-0035973,P.Taylor,0.0,0.0,0.0,0.0,141.0,49.0,11.0,17.0,0.0,0.0,0.0,0.0,0.0,0.0,0.0,0.0,0.0,0.0,0.0,0.0,0.0,0.0,0.0,0.0,0.0,30.000000476837158,30.000000476837158
00-0035993,T.Huntley,3.0,0.0,0.0,203.0,55.0,0.0,0.0,0.0,0.0,0.0,0.0,0.0,0.0,0.0,0.0,0.0,0.0,0.0,0.0,0.0,0.0,0.0,0.0,0.0,0.0,25.619999885559082,25.619999885559082
00-0036020,S.Ahmed,0.0,1.0,1.0,0.0,61.0,88.0,16.0,23.0,0.0,0.0,0.0,0.0,0.0,0.0,0.0,0.0,0.0,0.0,0.0,0.0,0.0,0.0,0.0,0.0,0.0,42.90000009536743,42.90000009536743
00-0036032,S.McKeon,0.0,0.0,0.0,0.0,0.0,0.0,0.0,2.0,0.0,0.0,0.0,0.0,0.0,0.0,0.0,0.0,0.0,0.0,0.0,0.0,0.0,0.0,0.0,0.0,0.0,0.0,0.0
00-0036040,J.Johnson,0.0,0.0,4.0,0.0,0.0,368.0,37.0,59.0,0.0,0.0,0.0,0.0,0.0,0.0,0.0,0.0,0.0,0.0,0.0,0.0,0.0,0.0,0.0,0.0,0.0,97.79999923706055,97.79999923706055
00-0036124,K.Dorsey,0.0,0.0,0.0,0.0,0.0,31.0,1.0,1.0,0.0,0.0,0.0,0.0,0.0,0.0,0.0,0.0,0.0,0.0,0.0,0.0,0.0,0.0,0.0,0.0,0.0,4.1000001430511475,4.1000001430511475
00-0036132,B.Bredeson,0.0,0.0,0.0,0.0,0.0,0.0,1.0,1.0,0.0,0.0,0.0,0.0,0.0,0.0,0.0,0.0,0.0,0.0,0.0,0.0,0.0,0.0,0.0,0.0,0.0,1.0,1.0
00-0036133,J.Proche,0.0,0.0,0.0,0.0,0.0,0.0,0.0,5.0,0.0,1.0,0.0,0.0,0.0,0.0,0.0,0.0,0.0,0.0,0.0,0.0,0.0,0.0,0.0,0.0,0.0,-2.0,-2.0
00-0036139,R.Dowdle,0.0,2.0,2.0,0.0,361.0,144.0,17.0,22.0,0.0,0.0,0.0,0.0,0.0,0.0,0.0,0.0,0.0,0.0,0.0,0.0,0.0,0.0,0.0,0.0,0.0,91.50000286102295,91.50000286102295
00-0036145,L.Cager,0.0,0.0,1.0,0.0,0.0,36.0,4.0,5.0,0.0,0.0,0.0,0.0,0.0,0.0,0.0,0.0,0.0,0.0,0.0,0.0,0.0,0.0,0.0,0.0,0.0,13.600000143051147,13.600000143051147
00-0036158,J.Dobbins,0.0,1.0,0.0,0.0,22.0,15.0,2.0,3.0,0.0,0.0,0.0,0.0,0.0,0.0,0.0,0.0,0.0,0.0,0.0,0.0,0.0,0.0,0.0,0.0,0.0,11.700000047683716,11.700000047683716
00-0036162,T.Bass,0.0,0.0,0.0,0.0,0.0,0.0,0.0,0.0,0.0,0.0,0.0,0.0,0.0,0.0,0.0,16.0,4.0,4.0,0.0,1.0,2.0,2.0,0.0,49.0,1.0,128.0,128.0
00-0036165,I.Hodgins,0.0,0.0,3.0,0.0,0.0,230.0,21.0,33.0,0.0,1.0,0.0,0.0,0.0,0.0,0.0,0.0,0.0,0.0,0.0,0.0,0.0,0.0,0.0,0.0,0.0,60.0,60.0
00-0036176,M.Kinsey,0.0,0.0,0.0,0.0,0.0,6.0,1.0,1.0,0.0,0.0,0.0,0.0,0.0,0.0,0.0,0.0,0.0,0.0,0.0,0.0,0.0,0.0,0.0,0.0,0.0,1.600000023841858,1.600000023841858
00-0036182,N.Westbrook-Ikhine,0.0,0.0,3.0,0.0,0.0,370.0,28.0,46.0,0.0,0.0,0.0,0.0,1.0,0.0,0.0,0.0,0.0,0.0,0.0,0.0,0.0,0.0,0.0,0.0,0.0,85.0,85.0
00-0036187,R.Gilliam,0.0,0.0,0.0,0.0,0.0,3.0,1.0,1.0,0.0,0.0,0.0,0.0,0.0,0.0,0.0,0.0,0.0,0.0,0.0,0.0,0.0,0.0,0.0,0.0,0.0,1.300000011920929,1.300000011920929
00-0036196,G.Davis,0.0,0.0,7.0,0.0,-2.0,746.0,45.0,82.0,0.0,1.0,0.0,0.0,1.0,0.0,0.0,0.0,0.0,0.0,0.0,0.0,0.0,0.0,0.0,0.0,0.0,161.39999847114086,161.39999847114086
00-0036212,T.Tagovailoa,29.0,0.0,0.0,4624.0,74.0,0.0,0.0,0.0,14.0,5.0,0.0,0.0,0.0,0.0,0.0,0.0,0.0,0.0,0.0,0.0,0.0,0.0,0.0,0.0,0.0,270.35999155044556,270.35999155044556
00-0036223,J.Taylor,0.0,7.0,1.0,0.0,741.0,153.0,19.0,23.0,0.0,0.0,0.0,0.0,0.0,0.0,0.0,0.0,0.0,0.0,0.0,0.0,0.0,0.0,0.0,0.0,0.0,156.39999866485596,156.39999866485596
00-0036232,H.Bryant,0.0,0.0,3.0,0.0,8.0,81.0,13.0,20.0,0.0,1.0,0.0,0.0,0.0,0.0,0.0,0.0,0.0,0.0,0.0,0.0,0.0,0.0,0.0,0.0,0.0,37.900000393390656,37.900000393390656
00-0036233,D.Peoples-Jones,0.0,0.0,0.0,0.0,0.0,155.0,13.0,25.0,0.0,0.0,0.0,0.0,0.0,0.0,0.0,0.0,0.0,0.0,0.0,0.0,0.0,0.0,0.0,0.0,0.0,28.5,28.5
00-0036244,C.Parkinson,0.0,0.0,2.0,0.0,0.0,247.0,25.0,34.0,0.0,0.0,0.0,0.0,0.0,0.0,0.0,0.0,0.0,0.0,0.0,0.0,0.0,0.0,0.0,0.0,0.0,61.70000076293945,61.70000076293945
00-0036251,Z.Moss,0.0,5.0,2.0,0.0,794.0,192.0,27.0,39.0,0.0,0.0,0.0,0.0,1.0,0.0,0.0,0.0,0.0,0.0,0.0,0.0,0.0,0.0,0.0,0.0,0.0,169.60000228881836,169.60000228881836
00-0036252,M.Pittman,0.0,0.0,4.0,0.0,0.0,1152.0,109.0,158.0,0.0,1.0,0.0,0.0,2.0,0.0,0.0,0.0,0.0,0.0,0.0,0.0,0.0,0.0,0.0,0.0,0.0,250.20000457763672,250.20000457763672
00-0036254,C.Johnson,0.0,0.0,0.0,0.0,0.0,11.0,1.0,1.0,0.0,0.0,0.0,0.0,0.0,0.0,0.0,0.0,0.0,0.0,0.0,0.0,0.0,0.0,0.0,0.0,0.0,2.100000023841858,2.100000023841858
00-0036259,J.Jennings,0.0,0.0,1.0,0.0,0.0,265.0,19.0,33.0,0.0,0.0,0.0,0.0,0.0,0.0,0.0,0.0,0.0,0.0,0.0,0.0,0.0,0.0,0.0,0.0,0.0,51.5,51.5
00-0036261,B.Aiyuk,0.0,0.0,7.0,0.0,0.0,1342.0,75.0,105.0,0.0,1.0,0.0,0.0,0.0,0.0,0.0,0.0,0.0,0.0,0.0,0.0,0.0,0.0,0.0,0.0,0.0,249.1999969482422,249.1999969482422
00-0036264,J.Love,32.0,4.0,0.0,4159.0,247.0,0.0,0.0,0.0,11.0,3.0,2.0,0.0,0.0,0.0,0.0,0.0,0.0,0.0,0.0,0.0,0.0,0.0,0.0,0.0,0.0,319.060001373291,319.060001373291
00-0036265,A.Dillon,0.0,2.0,0.0,0.0,613.0,223.0,22.0,28.0,0.0,0.0,0.0,0.0,0.0,0.0,0.0,0.0,0.0,0.0,0.0,0.0,0.0,0.0,0.0,0.0,0.0,117.60000038146973,117.60000038146973
00-0036268,L.Shenault,0.0,0.0,0.0,0.0,55.0,60.0,10.0,10.0,0.0,0.0,0.0,0.0,0.0,0.0,0.0,0.0,0.0,0.0,0.0,0.0,0.0,0.0,0.0,0.0,0.0,21.5,21.5
00-0036269,L.Perine,0.0,0.0,0.0,0.0,77.0,33.0,3.0,5.0,0.0,0.0,0.0,0.0,0.0,0.0,0.0,0.0,0.0,0.0,0.0,0.0,0.0,0.0,0.0,0.0,0.0,14.000000238418579,14.000000238418579
00-0036271,Q.Watkins,0.0,0.0,1.0,0.0,0.0,142.0,15.0,21.0,0.0,0.0,0.0,0.0,0.0,0.0,0.0,0.0,0.0,0.0,0.0,0.0,0.0,0.0,0.0,0.0,0.0,35.19999980926514,35.19999980926514
00-0036275,D.Swift,0.0,5.0,1.0,0.0,1049.0,214.0,39.0,49.0,0.0,1.0,0.0,0.0,0.0,0.0,0.0,0.0,0.0,0.0,0.0,0.0,0.0,0.0,0.0,0.0,0.0,199.30000114440918,199.30000114440918
00-0036290,C.Kmet,0.0,0.0,6.0,0.0,2.0,719.0,73.0,90.0,0.0,0.0,0.0,0.0,0.0,0.0,0.0,0.0,0.0,0.0,0.0,0.0,0.0,0.0,0.0,0.0,0.0,181.10000152885914,181.10000152885914
00-0036297,D.Evans,0.0,1.0,0.0,0.0,121.0,49.0,7.0,12.0,0.0,0.0,0.0,0.0,0.0,0.0,0.0,0.0,0.0,0.0,0.0,0.0,0.0,0.0,0.0,0.0,0.0,30.000000476837158,30.000000476837158
00-0036309,D.Mooney,0.0,0.0,1.0,0.0,5.0,414.0,31.0,61.0,0.0,0.0,0.0,0.0,0.0,0.0,0.0,0.0,0.0,0.0,0.0,0.0,0.0,0.0,0.0,0.0,0.0,78.9000015258789,78.9000015258789
00-0036313,B.Mann,0.0,0.0,0.0,28.0,0.0,0.0,0.0,0.0,0.0,0.0,0.0,0.0,0.0,0.0,0.0,0.0,0.0,0.0,0.0,0.0,0.0,0.0,0.0,0.0,0.0,1.1200000047683716,1.1200000047683716
00-0036322,J.Jefferson,0.0,0.0,5.0,0.0,-12.0,1074.0,68.0,100.0,0.0,1.0,0.0,0.0,0.0,0.0,0.0,0.0,0.0,0.0,0.0,0.0,0.0,0.0,0.0,0.0,0.0,202.2000014781952,202.2000014781952
00-0036326,C.Claypool,0.0,0.0,1.0,0.0,0.0,77.0,8.0,21.0,0.0,0.0,0.0,0.0,0.0,0.0,0.0,0.0,0.0,0.0,0.0,0.0,0.0,0.0,0.0,0.0,0.0,21.700000286102295,21.700000286102295
00-0036328,A.Gibson,0.0,1.0,2.0,0.0,265.0,389.0,48.0,59.0,0.0,2.0,0.0,0.0,0.0,0.0,0.0,0.0,0.0,0.0,0.0,0.0,0.0,0.0,0.0,0.0,0.0,127.4000015258789,127.4000015258789
00-0036329,A.Davis,0.0,0.0,0.0,0.0,3.0,0.0,0.0,0.0,0.0,1.0,0.0,0.0,0.0,0.0,0.0,0.0,0.0,0.0,0.0,0.0,0.0,0.0,0.0,0.0,0.0,-1.699999988079071,-1.699999988079071
00-0036331,D.Duvernay,0.0,0.0,0.0,0.0,15.0,18.0,4.0,9.0,0.0,0.0,0.0,0.0,0.0,0.0,0.0,0.0,0.0,0.0,0.0,0.0,0.0,0.0,0.0,0.0,0.0,7.300000071525574,7.300000071525574
00-0036332,J.Deguara,0.0,0.0,0.0,0.0,0.0,65.0,8.0,8.0,0.0,0.0,0.0,0.0,0.0,0.0,0.0,0.0,0.0,0.0,0.0,0.0,0.0,0.0,0.0,0.0,0.0,14.5,14.5
00-0036336,A.McFarland,0.0,0.0,0.0,0.0,0.0,11.0,2.0,2.0,0.0,0.0,0.0,0.0,0.0,0.0,0.0,0.0,0.0,0.0,0.0,0.0,0.0,0.0,0.0,0.0,0.0,3.100000023841858,3.100000023841858
00-0036345,K.Osborn,0.0,0.0,3.0,0.0,0.0,540.0,48.0,75.0,0.0,0.0,0.0,0.0,0.0,0.0,0.0,0.0,0.0,0.0,0.0,0.0,0.0,0.0,0.0,0.0,0.0,120.0,120.0
00-0036355,J.Herbert,20.0,3.0,0.0,3134.0,228.0,10.0,1.0,1.0,7.0,1.0,1.0,0.0,0.0,0.0,0.0,0.0,0.0,0.0,0.0,0.0,0.0,0.0,0.0,0.0,0.0,234.16000175476074,234.16000175476074
00-0036358,C.Lamb,0.0,2.0,12.0,0.0,113.0,1749.0,135.0,182.0,0.0,2.0,0.0,0.0,1.0,0.0,0.0,0.0,0.0,0.0,0.0,0.0,0.0,0.0,0.0,0.0,0.0,403.2000093460083,403.2000093460083
00-0036360,C.Edwards-Helaire,0.0,1.0,1.0,0.0,223.0,188.0,17.0,22.0,0.0,0.0,0.0,0.0,0.0,0.0,0.0,0.0,0.0,0.0,0.0,0.0,0.0,0.0,0.0,0.0,0.0,70.10000228881836,70.10000228881836
00-0036364,L.Bowden,0.0,0.0,0.0,0.0,32.0,83.0,11.0,16.0,0.0,0.0,0.0,0.0,0.0,0.0,0.0,0.0,0.0,0.0,0.0,0.0,0.0,0.0,0.0,0.0,0.0,22.50000023841858,22.50000023841858
00-0036370,J.Kelley,0.0,2.0,0.0,0.0,405.0,32.0,8.0,12.0,0.0,1.0,0.0,0.0,0.0,0.0,0.0,0.0,0.0,0.0,0.0,0.0,0.0,0.0,0.0,0.0,0.0,61.700000047683716,61.700000047683716
00-0036387,J.Reagor,0.0,0.0,0.0,0.0,17.0,138.0,7.0,23.0,0.0,0.0,0.0,0.0,0.0,1.0,0.0,0.0,0.0,0.0,0.0,0.0,0.0,0.0,0.0,0.0,0.0,28.50000023841858,28.50000023841858
00-0036389,J.Hurts,23.0,15.0,0.0,3858.0,605.0,0.0,0.0,0.0,15.0,5.0,0.0,0.0,0.0,0.0,0.0,0.0,0.0,0.0,0.0,0.0,0.0,0.0,0.0,0.0,0.0,356.8199920654297,356.8199920654297
00-0036407,J.Jeudy,0.0,0.0,2.0,0.0,0.0,758.0,54.0,87.0,0.0,0.0,0.0,0.0,0.0,0.0,0.0,0.0,0.0,0.0,0.0,0.0,0.0,0.0,0.0,0.0,0.0,141.8000030517578,141.8000030517578
00-0036410,T.Higgins,0.0,0.0,5.0,0.0,0.0,656.0,42.0,76.0,0.0,0.0,0.0,0.0,0.0,0.0,0.0,0.0,0.0,0.0,0.0,0.0,0.0,0.0,0.0,0.0,0.0,137.5999984741211,137.5999984741211
00-0036414,C.Akers,0.0,2.0,0.0,0.0,167.0,70.0,11.0,12.0,0.0,0.0,0.0,0.0,0.0,0.0,0.0,0.0,0.0,0.0,0.0,0.0,0.0,0.0,0.0,0.0,0.0,46.70000076293945,46.70000076293945
00-0036415,V.Jefferson,0.0,0.0,0.0,0.0,4.0,209.0,20.0,43.0,0.0,0.0,0.0,0.0,0.0,0.0,0.0,0.0,0.0,0.0,0.0,0.0,0.0,0.0,0.0,0.0,0.0,41.29999962449074,41.29999962449074
00-0036418,,0.0,0.0,0.0,0.0,0.0,0.0,0.0,0.0,0.0,1.0,0.0,0.0,0.0,0.0,0.0,0.0,0.0,0.0,0.0,0.0,0.0,0.0,0.0,0.0,0.0,-2.0,-2.0
00-0036422,A.Trautman,0.0,0.0,3.0,0.0,0.0,204.0,22.0,35.0,0.0,0.0,0.0,0.0,0.0,0.0,0.0,0.0,0.0,0.0,0.0,0.0,0.0,0.0,0.0,0.0,0.0,60.39999961853027,60.39999961853027
00-0036423,A.Okwuegbunam,0.0,0.0,0.0,0.0,0.0,0.0,0.0,1.0,0.0,0.0,0.0,0.0,0.0,0.0,0.0,0.0,0.0,0.0,0.0,0.0,0.0,0.0,0.0,0.0,0.0,0.0,0.0
00-0036424,B.Hopkins,0.0,0.0,0.0,0.0,0.0,78.0,5.0,7.0,0.0,0.0,0.0,0.0,0.0,0.0,0.0,0.0,0.0,0.0,0.0,0.0,0.0,0.0,0.0,0.0,0.0,12.800000190734863,12.800000190734863
00-0036425,D.Dallas,0.0,0.0,0.0,0.0,36.0,26.0,6.0,9.0,0.0,2.0,0.0,0.0,0.0,0.0,0.0,0.0,0.0,0.0,0.0,0.0,0.0,0.0,0.0,0.0,0.0,8.200000286102295,8.200000286102295
00-0036427,T.Johnson,0.0,0.0,1.0,0.0,0.0,8.0,2.0,3.0,0.0,0.0,0.0,0.0,0.0,0.0,0.0,0.0,0.0,0.0,0.0,0.0,0.0,0.0,0.0,0.0,0.0,8.800000011920929,8.800000011920929
00-0036429,C.Woerner,0.0,0.0,0.0,0.0,0.0,32.0,3.0,3.0,0.0,0.0,0.0,0.0,0.0,0.0,0.0,0.0,0.0,0.0,0.0,0.0,0.0,0.0,0.0,0.0,0.0,6.200000047683716,6.200000047683716
00-0036438,S.Sullivan,0.0,0.0,0.0,0.0,0.0,125.0,12.0,24.0,0.0,0.0,0.0,0.0,0.0,0.0,0.0,0.0,0.0,0.0,0.0,0.0,0.0,0.0,0.0,0.0,0.0,24.5,24.5
00-0036442,J.Burrow,15.0,0.0,0.0,2309.0,88.0,0.0,0.0,0.0,6.0,1.0,0.0,0.0,0.0,0.0,0.0,0.0,0.0,0.0,0.0,0.0,0.0,0.0,0.0,0.0,0.0,147.16000080108643,147.16000080108643
00-0036450,K.Vaughn,0.0,0.0,0.0,0.0,42.0,2.0,2.0,5.0,0.0,0.0,0.0,0.0,0.0,0.0,0.0,0.0,0.0,0.0,0.0,0.0,0.0,0.0,0.0,0.0,0.0,6.400000289082527,6.400000289082527
00-0036469,M.Ammendola,0.0,0.0,0.0,0.0,0.0,0.0,0.0,0.0,0.0,0.0,0.0,0.0,0.0,0.0,0.0,5.0,1.0,0.0,0.0,0.0,1.0,2.0,0.0,10.0,1.0,26.0,26.0
00-0036482,M.Strachan,0.0,0.0,0.0,0.0,0.0,45.0,1.0,3.0,0.0,0.0,0.0,0.0,0.0,0.0,0.0,0.0,0.0,0.0,0.0,0.0,0.0,0.0,0.0,0.0,0.0,5.5,5.5
00-0036493,D.Jackson,0.0,0.0,0.0,0.0,16.0,14.0,5.0,6.0,0.0,2.0,0.0,0.0,0.0,0.0,0.0,0.0,0.0,0.0,0.0,0.0,0.0,0.0,0.0,0.0,0.0,4.0,4.0
00-0036497,T.Jones,0.0,0.0,0.0,0.0,0.0,83.0,11.0,19.0,0.0,0.0,0.0,0.0,0.0,0.0,0.0,0.0,0.0,0.0,0.0,0.0,0.0,0.0,0.0,0.0,0.0,19.300000190734863,19.300000190734863
00-0036504,B.Echols,0.0,0.0,0.0,0.0,0.0,18.0,1.0,1.0,0.0,0.0,0.0,0.0,0.0,0.0,0.0,0.0,0.0,0.0,0.0,0.0,0.0,0.0,0.0,0.0,0.0,2.8000000715255737,2.8000000715255737
00-0036510,K.Yeboah,0.0,0.0,0.0,0.0,0.0,28.0,2.0,4.0,0.0,0.0,0.0,0.0,0.0,0.0,0.0,0.0,0.0,0.0,0.0,0.0,0.0,0.0,0.0,0.0,0.0,4.799999952316284,4.799999952316284
00-0036550,R.Bateman,0.0,0.0,1.0,0.0,18.0,367.0,32.0,56.0,0.0,0.0,0.0,0.0,0.0,0.0,0.0,0.0,0.0,0.0,0.0,0.0,0.0,0.0,0.0,0.0,0.0,76.50000083446503,76.50000083446503
00-0036554,N.Collins,0.0,0.0,8.0,0.0,7.0,1297.0,80.0,110.0,0.0,0.0,0.0,0.0,1.0,0.0,0.0,0.0,0.0,0.0,0.0,0.0,0.0,0.0,0.0,0.0,0.0,260.39999693632126,260.39999693632126
00-0036555,C.Hubbard,0.0,5.0,0.0,0.0,902.0,233.0,39.0,44.0,0.0,0.0,0.0,0.0,0.0,0.0,0.0,0.0,0.0,0.0,0.0,0.0,0.0,0.0,0.0,0.0,0.0,182.5000057220459,182.5000057220459
00-0036556,B.Jordan,0.0,0.0,2.0,0.0,0.0,219.0,17.0,21.0,0.0,0.0,0.0,0.0,0.0,0.0,0.0,0.0,0.0,0.0,0.0,0.0,0.0,0.0,0.0,0.0,0.0,50.89999961853027,50.89999961853027
00-0036567,E.Mitchell,0.0,2.0,0.0,0.0,281.0,14.0,6.0,8.0,0.0,0.0,0.0,0.0,0.0,0.0,0.0,0.0,0.0,0.0,0.0,0.0,0.0,0.0,0.0,0.0,0.0,47.50000035762787,47.50000035762787
00-0036569,G.Brightwell,0.0,0.0,0.0,0.0,19.0,47.0,5.0,7.0,0.0,0.0,0.0,0.0,0.0,0.0,0.0,0.0,0.0,0.0,0.0,0.0,0.0,0.0,0.0,0.0,0.0,11.600000262260437,11.600000262260437
00-0036590,Q.Morris,0.0,0.0,1.0,0.0,0.0,26.0,2.0,3.0,0.0,0.0,0.0,0.0,0.0,0.0,0.0,0.0,0.0,0.0,0.0,0.0,0.0,0.0,0.0,0.0,0.0,10.600000143051147,10.600000143051147
00-0036613,J.Waddle,0.0,0.0,4.0,0.0,12.0,1014.0,72.0,104.0,0.0,0.0,0.0,0.0,0.0,0.0,0.0,0.0,0.0,0.0,0.0,0.0,0.0,0.0,0.0,0.0,0.0,198.60000157356262,198.60000157356262
00-0036620,D.Eskridge,0.0,0.0,0.0,0.0,5.0,0.0,0.0,1.0,0.0,0.0,0.0,0.0,0.0,0.0,0.0,0.0,0.0,0.0,0.0,0.0,0.0,0.0,0.0,0.0,0.0,0.5,0.5
00-0036626,D.Brown,0.0,0.0,1.0,4.0,0.0,168.0,12.0,23.0,0.0,0.0,0.0,0.0,0.0,0.0,0.0,0.0,0.0,0.0,0.0,0.0,0.0,0.0,0.0,0.0,0.0,34.9600011408329,34.9600011408329
00-0036628,J.Bates,0.0,0.0,0.0,0.0,0.0,151.0,19.0,28.0,0.0,0.0,0.0,0.0,0.0,0.0,0.0,0.0,0.0,0.0,0.0,0.0,0.0,0.0,0.0,0.0,0.0,34.10000038146973,34.10000038146973
00-0036630,T.Wallace,0.0,0.0,0.0,0.0,0.0,11.0,1.0,2.0,0.0,0.0,0.0,0.0,0.0,0.0,1.0,0.0,0.0,0.0,0.0,0.0,0.0,0.0,0.0,0.0,0.0,8.100000023841858,8.100000023841858
00-0036635,I.Smith-Marsette,0.0,1.0,0.0,0.0,74.0,51.0,8.0,10.0,0.0,0.0,0.0,0.0,0.0,0.0,1.0,0.0,0.0,0.0,0.0,0.0,0.0,0.0,0.0,0.0,0.0,32.5,32.5
00-0036637,N.Gray,0.0,0.0,2.0,0.0,1.0,298.0,28.0,41.0,0.0,0.0,0.0,0.0,0.0,0.0,0.0,0.0,0.0,0.0,0.0,0.0,0.0,0.0,0.0,0.0,0.0,69.9000011458993,69.9000011458993
00-0036646,S.Fehoko,0.0,0.0,1.0,0.0,0.0,9.0,1.0,2.0,0.0,0.0,0.0,0.0,0.0,0.0,0.0,0.0,0.0,0.0,0.0,0.0,0.0,0.0,0.0,0.0,0.0,7.900000035762787,7.900000035762787
00-0036648,N.Niemann,0.0,0.0,0.0,0.0,0.0,0.0,0.0,0.0,0.0,0.0,0.0,0.0,0.0,0.0,0.0,0.0,0.0,0.0,0.0,0.0,0.0,0.0,0.0,0.0,0.0,0.0,0.0
00-0036727,A.Prentice,0.0,0.0,0.0,0.0,12.0,12.0,2.0,3.0,0.0,1.0,0.0,0.0,0.0,0.0,0.0,0.0,0.0,0.0,0.0,0.0,0.0,0.0,0.0,0.0,0.0,2.4000000953674316,2.4000000953674316
00-0036741,J.Stoll,0.0,0.0,0.0,0.0,0.0,38.0,5.0,8.0,0.0,0.0,0.0,0.0,0.0,0.0,0.0,0.0,0.0,0.0,0.0,0.0,0.0,0.0,0.0,0.0,0.0,8.799999952316284,8.799999952316284
00-0036754,B.Wright,0.0,0.0,1.0,0.0,0.0,91.0,13.0,14.0,0.0,0.0,0.0,0.0,0.0,0.0,0.0,0.0,0.0,0.0,0.0,0.0,0.0,0.0,0.0,0.0,0.0,28.100000381469727,28.100000381469727
00-0036816,R.Patterson,0.0,0.0,0.0,0.0,0.0,0.0,0.0,0.0,0.0,0.0,0.0,0.0,0.0,0.0,0.0,13.0,2.0,1.0,0.0,1.0,0.0,1.0,0.0,41.0,3.0,91.0,91.0
00-0036841,A.Trammell,0.0,0.0,0.0,0.0,0.0,29.0,4.0,7.0,0.0,1.0,0.0,0.0,0.0,0.0,0.0,0.0,0.0,0.0,0.0,0.0,0.0,0.0,0.0,0.0,0.0,4.900000095367432,4.900000095367432
00-0036842,K.Nwangwu,0.0,0.0,0.0,0.0,13.0,0.0,0.0,0.0,0.0,0.0,0.0,0.0,0.0,0.0,0.0,0.0,0.0,0.0,0.0,0.0,0.0,0.0,0.0,0.0,0.0,1.3000000715255737,1.3000000715255737
00-0036849,T.Atwell,0.0,0.0,3.0,0.0,31.0,483.0,39.0,68.0,0.0,0.0,1.0,0.0,1.0,0.0,0.0,0.0,0.0,0.0,0.0,0.0,0.0,0.0,0.0,0.0,0.0,112.3999993801117,112.3999993801117
00-0036854,E.McPherson,0.0,0.0,0.0,0.0,0.0,0.0,0.0,0.0,0.0,0.0,0.0,0.0,0.0,0.0,0.0,11.0,8.0,7.0,0.0,0.0,0.0,5.0,0.0,40.0,0.0,135.0,135.0
00-0036857,C.Evans,0.0,0.0,0.0,0.0,12.0,-1.0,1.0,1.0,0.0,0.0,0.0,0.0,0.0,0.0,0.0,0.0,0.0,0.0,0.0,0.0,0.0,0.0,0.0,0.0,0.0,2.1000000461935997,2.1000000461935997
00-0036860,J.Funk,0.0,0.0,0.0,0.0,10.0,12.0,1.0,1.0,0.0,0.0,0.0,0.0,0.0,0.0,0.0,0.0,0.0,0.0,0.0,0.0,0.0,0.0,0.0,0.0,0.0,3.200000047683716,3.200000047683716
00-0036862,B.Skowronek,0.0,0.0,1.0,0.0,9.0,66.0,8.0,12.0,0.0,0.0,0.0,0.0,0.0,0.0,0.0,0.0,0.0,0.0,0.0,0.0,0.0,0.0,0.0,0.0,0.0,21.499999940395355,21.499999940395355
00-0036875,R.Stevenson,0.0,4.0,0.0,0.0,619.0,238.0,38.0,51.0,0.0,1.0,0.0,0.0,0.0,0.0,0.0,0.0,0.0,0.0,0.0,0.0,0.0,0.0,0.0,0.0,0.0,145.7000026702881,145.7000026702881
00-0036876,K.Granson,0.0,0.0,1.0,0.0,2.0,368.0,30.0,50.0,0.0,0.0,0.0,0.0,0.0,0.0,0.0,0.0,0.0,0.0,0.0,0.0,0.0,0.0,0.0,0.0,0.0,72.99999924004078,72.99999924004078
00-0036887,L.Farrell,0.0,0.0,0.0,0.0,0.0,155.0,13.0,15.0,0.0,0.0,0.0,0.0,0.0,0.0,0.0,0.0,0.0,0.0,0.0,0.0,0.0,0.0,0.0,0.0,0.0,28.5,28.5
00-0036893,N.Harris,0.0,8.0,0.0,0.0,1035.0,170.0,29.0,38.0,0.0,1.0,0.0,0.0,0.0,0.0,0.0,0.0,0.0,0.0,0.0,0.0,0.0,0.0,0.0,0.0,0.0,195.5,195.5
00-0036894,P.Freiermuth,0.0,0.0,2.0,0.0,0.0,308.0,32.0,48.0,0.0,0.0,0.0,0.0,1.0,0.0,0.0,0.0,0.0,0.0,0.0,0.0,0.0,0.0,0.0,0.0,0.0,76.80000114440918,76.80000114440918
00-0036898,D.Mills,2.0,0.0,0.0,173.0,9.0,0.0,0.0,0.0,0.0,0.0,1.0,0.0,0.0,0.0,0.0,0.0,0.0,0.0,0.0,0.0,0.0,0.0,0.0,0.0,0.0,17.820000112056732,17.820000112056732
00-0036900,J.Chase,0.0,0.0,7.0,-7.0,-6.0,1216.0,100.0,145.0,0.0,0.0,0.0,0.0,0.0,0.0,0.0,0.0,0.0,0.0,0.0,0.0,0.0,0.0,0.0,0.0,0.0,262.71999844908714,262.71999844908714
00-0036906,K.Herbert,0.0,2.0,1.0,0.0,611.0,134.0,20.0,31.0,0.0,1.0,0.0,1.0,0.0,0.0,0.0,0.0,0.0,0.0,0.0,0.0,0.0,0.0,0.0,0.0,0.0,112.50000286102295,112.50000286102295
00-0036912,D.Smith,0.0,0.0,7.0,0.0,0.0,1066.0,81.0,113.0,0.0,1.0,0.0,0.0,0.0,0.0,0.0,0.0,0.0,0.0,0.0,0.0,0.0,0.0,0.0,0.0,0.0,227.5999984741211,227.5999984741211
00-0036913,K.Toney,0.0,0.0,1.0,0.0,31.0,169.0,27.0,38.0,0.0,0.0,0.0,0.0,0.0,0.0,0.0,0.0,0.0,0.0,0.0,0.0,0.0,0.0,0.0,0.0,0.0,52.99999976158142,52.99999976158142
00-0036919,K.Gainwell,0.0,2.0,0.0,17.0,364.0,183.0,30.0,37.0,0.0,1.0,0.0,1.0,0.0,0.0,0.0,0.0,0.0,0.0,0.0,0.0,0.0,0.0,0.0,0.0,0.0,97.38000267744064,97.38000267744064
00-0036924,Mi.Carter,0.0,0.0,1.0,0.0,187.0,101.0,24.0,31.0,0.0,0.0,0.0,0.0,0.0,0.0,0.0,0.0,0.0,0.0,0.0,0.0,0.0,0.0,0.0,0.0,0.0,58.80000114440918,58.80000114440918
00-0036928,K.Trask,0.0,0.0,0.0,0.0,-1.0,0.0,0.0,0.0,0.0,0.0,0.0,0.0,0.0,0.0,0.0,0.0,0.0,0.0,0.0,0.0,0.0,0.0,0.0,0.0,0.0,-0.10000000149011612,-0.10000000149011612
00-0036936,R.Moore,0.0,1.0,1.0,0.0,178.0,352.0,40.0,63.0,0.0,0.0,0.0,0.0,0.0,0.0,0.0,0.0,0.0,0.0,0.0,0.0,0.0,0.0,0.0,0.0,0.0,105.00000190734863,105.00000190734863
00-0036945,J.Fields,16.0,4.0,0.0,2562.0,657.0,0.0,0.0,0.0,9.0,4.0,0.0,0.0,0.0,0.0,0.0,0.0,0.0,0.0,0.0,0.0,0.0,0.0,0.0,0.0,0.0,230.18000030517578,230.18000030517578
00-0036955,T.Marshall,0.0,0.0,0.0,0.0,0.0,139.0,19.0,33.0,0.0,0.0,0.0,0.0,0.0,0.0,0.0,0.0,0.0,0.0,0.0,0.0,0.0,0.0,0.0,0.0,0.0,32.90000057220459,32.90000057220459
00-0036963,A.St. Brown,0.0,0.0,10.0,0.0,24.0,1515.0,119.0,165.0,0.0,1.0,0.0,0.0,0.0,0.0,0.0,0.0,0.0,0.0,0.0,0.0,0.0,0.0,0.0,0.0,0.0,330.90000009536743,330.90000009536743
00-0036970,K.Pitts,0.0,0.0,3.0,0.0,-4.0,667.0,53.0,90.0,0.0,0.0,0.0,0.0,0.0,0.0,0.0,0.0,0.0,0.0,0.0,0.0,0.0,0.0,0.0,0.0,0.0,137.30000457167625,137.30000457167625
00-0036971,T.Lawrence,21.0,4.0,0.0,4016.0,339.0,0.0,0.0,0.0,14.0,8.0,1.0,0.0,0.0,0.0,0.0,0.0,0.0,0.0,0.0,0.0,0.0,0.0,0.0,0.0,0.0,260.54000091552734,260.54000091552734
00-0036972,M.Jones,10.0,0.0,0.0,2120.0,96.0,0.0,0.0,0.0,12.0,2.0,0.0,0.0,0.0,0.0,0.0,0.0,0.0,0.0,0.0,0.0,0.0,0.0,0.0,0.0,0.0,106.39999580383301,106.39999580383301
00-0036973,T.Etienne,0.0,11.0,1.0,0.0,1008.0,476.0,58.0,73.0,0.0,0.0,0.0,2.0,0.0,0.0,0.0,0.0,0.0,0.0,0.0,0.0,0.0,0.0,0.0,0.0,0.0,282.4000053405762,282.4000053405762
00-0036980,E.Moore,0.0,0.0,2.0,0.0,11.0,640.0,59.0,104.0,0.0,2.0,0.0,0.0,0.0,0.0,0.0,0.0,0.0,0.0,0.0,0.0,0.0,0.0,0.0,0.0,0.0,132.10000002384186,132.10000002384186
00-0036982,C.Golston,0.0,0.0,0.0,0.0,0.0,0.0,0.0,1.0,0.0,0.0,0.0,0.0,1.0,0.0,0.0,0.0,0.0,0.0,0.0,0.0,0.0,0.0,0.0,0.0,0.0,2.0,2.0
00-0036984,T.Sermon,0.0,0.0,0.0,0.0,160.0,13.0,3.0,6.0,0.0,0.0,0.0,0.0,0.0,0.0,0.0,0.0,0.0,0.0,0.0,0.0,0.0,0.0,0.0,0.0,0.0,20.300000071525574,20.300000071525574
00-0036988,J.Palmer,0.0,0.0,2.0,0.0,6.0,581.0,38.0,61.0,0.0,1.0,0.0,0.0,0.0,0.0,0.0,0.0,0.0,0.0,0.0,0.0,0.0,0.0,0.0,0.0,0.0,106.70000231266022,106.70000231266022
00-0036991,A.Rodgers,0.0,0.0,0.0,0.0,0.0,0.0,0.0,2.0,0.0,0.0,0.0,0.0,0.0,0.0,0.0,0.0,0.0,0.0,0.0,0.0,0.0,0.0,0.0,0.0,0.0,0.0,0.0
00-0036997,J.Williams,0.0,3.0,2.0,0.0,774.0,228.0,47.0,59.0,0.0,1.0,0.0,1.0,1.0,0.0,0.0,0.0,0.0,0.0,0.0,0.0,0.0,0.0,0.0,0.0,0.0,179.2000026702881,179.2000026702881
00-0037005,T.Tremble,0.0,0.0,3.0,0.0,0.0,194.0,23.0,32.0,0.0,0.0,0.0,0.0,0.0,0.0,0.0,0.0,0.0,0.0,0.0,0.0,0.0,0.0,0.0,0.0,0.0,60.39999961853027,60.39999961853027
00-0037013,Z.Wilson,8.0,0.0,0.0,2271.0,211.0,0.0,0.0,0.0,7.0,7.0,1.0,1.0,0.0,0.0,0.0,0.0,0.0,0.0,0.0,0.0,0.0,0.0,0.0,0.0,0.0,119.93999671936035,119.93999671936035
00-0037077,S.Howell,21.0,5.0,0.0,3946.0,263.0,4.0,1.0,1.0,21.0,2.0,1.0,1.0,0.0,0.0,0.0,0.0,0.0,0.0,0.0,0.0,0.0,0.0,0.0,0.0,0.0,257.53999748826027,257.53999748826027
00-0037078,C.Turner,0.0,0.0,0.0,0.0,0.0,120.0,11.0,15.0,0.0,0.0,0.0,0.0,0.0,0.0,0.0,0.0,0.0,0.0,0.0,0.0,0.0,0.0,0.0,0.0,0.0,23.0,23.0
00-0037086,G.Calcaterra,0.0,0.0,0.0,0.0,0.0,39.0,4.0,4.0,0.0,0.0,0.0,0.0,0.0,0.0,0.0,0.0,0.0,0.0,0.0,0.0,0.0,0.0,0.0,0.0,0.0,7.900000095367432,7.900000095367432
00-0037091,B.Melton,0.0,0.0,1.0,0.0,21.0,218.0,16.0,24.0,0.0,0.0,0.0,0.0,0.0,0.0,0.0,0.0,0.0,0.0,0.0,0.0,0.0,0.0,0.0,0.0,0.0,45.90000128746033,45.90000128746033
00-0037098,S.Toure,0.0,0.0,0.0,0.0,0.0,78.0,8.0,19.0,0.0,1.0,0.0,0.0,1.0,0.0,0.0,0.0,0.0,0.0,0.0,0.0,0.0,0.0,0.0,0.0,0.0,15.800000190734863,15.800000190734863
00-0037120,T.Goodson,0.0,0.0,0.0,0.0,87.0,34.0,6.0,9.0,0.0,0.0,0.0,0.0,0.0,0.0,0.0,0.0,0.0,0.0,0.0,0.0,0.0,0.0,0.0,0.0,0.0,18.09999990463257,18.09999990463257
00-0037132,B.Covey,0.0,0.0,0.0,0.0,0.0,42.0,4.0,6.0,0.0,0.0,0.0,0.0,0.0,0.0,0.0,0.0,0.0,0.0,0.0,0.0,0.0,0.0,0.0,0.0,0.0,8.200000286102295,8.200000286102295
00-0037156,I.Charles,0.0,0.0,0.0,0.0,0.0,0.0,0.0,1.0,0.0,0.0,0.0,0.0,0.0,0.0,0.0,0.0,0.0,0.0,0.0,0.0,0.0,0.0,0.0,0.0,0.0,0.0,0.0
00-0037157,Z.Knight,0.0,0.0,0.0,0.0,13.0,8.0,1.0,1.0,0.0,0.0,0.0,0.0,0.0,0.0,0.0,0.0,0.0,0.0,0.0,0.0,0.0,0.0,0.0,0.0,0.0,3.1000000834465027,3.1000000834465027
00-0037197,I.Pacheco,0.0,7.0,2.0,0.0,935.0,244.0,44.0,49.0,0.0,1.0,0.0,0.0,0.0,0.0,0.0,0.0,0.0,0.0,0.0,0.0,0.0,0.0,0.0,0.0,0.0,213.89999961853027,213.89999961853027
00-0037216,J.Ross,0.0,0.0,0.0,0.0,0.0,53.0,6.0,11.0,0.0,0.0,0.0,0.0,0.0,0.0,0.0,0.0,0.0,0.0,0.0,0.0,0.0,0.0,0.0,0.0,0.0,11.300000190734863,11.300000190734863
00-0037224,C.Dicker,0.0,0.0,0.0,0.0,0.0,0.0,0.0,0.0,0.0,0.0,0.0,0.0,0.0,0.0,0.0,15.0,9.0,7.0,0.0,0.0,0.0,2.0,0.0,35.0,0.0,149.0,149.0
00-0037228,J.Warren,0.0,4.0,0.0,0.0,784.0,370.0,61.0,74.0,0.0,2.0,0.0,0.0,0.0,0.0,0.0,0.0,0.0,0.0,0.0,0.0,0.0,0.0,0.0,0.0,0.0,196.4000015258789,196.4000015258789
00-0037238,D.London,0.0,0.0,2.0,22.0,0.0,905.0,69.0,112.0,0.0,0.0,0.0,0.0,1.0,0.0,0.0,0.0,0.0,0.0,0.0,0.0,0.0,0.0,0.0,0.0,0.0,174.37999999523163,174.37999999523163
00-0037239,C.Olave,0.0,0.0,5.0,0.0,0.0,1123.0,87.0,139.0,0.0,0.0,0.0,0.0,1.0,0.0,0.0,0.0,0.0,0.0,0.0,0.0,0.0,0.0,0.0,0.0,0.0,231.3000030517578,231.3000030517578
00-0037240,J.Williams,0.0,1.0,2.0,0.0,29.0,354.0,24.0,42.0,0.0,0.0,0.0,0.0,0.0,0.0,0.0,0.0,0.0,0.0,0.0,0.0,0.0,0.0,0.0,0.0,0.0,80.30000162124634,80.30000162124634
00-0037247,G.Pickens,0.0,0.0,5.0,0.0,18.0,1140.0,63.0,106.0,0.0,0.0,0.0,0.0,0.0,0.0,0.0,0.0,0.0,0.0,0.0,0.0,0.0,0.0,0.0,0.0,0.0,208.80000007152557,208.80000007152557
00-0037248,J.Cook,0.0,2.0,4.0,0.0,1122.0,445.0,44.0,54.0,0.0,2.0,0.0,0.0,0.0,0.0,0.0,0.0,0.0,0.0,0.0,0.0,0.0,0.0,0.0,0.0,0.0,232.70000457763672,232.70000457763672
00-0037252,G.Dulcich,0.0,0.0,0.0,0.0,0.0,25.0,3.0,4.0,0.0,0.0,0.0,0.0,0.0,0.0,0.0,0.0,0.0,0.0,0.0,0.0,0.0,0.0,0.0,0.0,0.0,5.5,5.5
00-0037256,R.White,0.0,6.0,3.0,0.0,990.0,549.0,64.0,70.0,0.0,2.0,0.0,0.0,0.0,0.0,0.0,0.0,0.0,0.0,0.0,0.0,0.0,0.0,0.0,0.0,0.0,267.9000015258789,267.9000015258789
00-0037257,Dav.Bell,0.0,0.0,3.0,0.0,0.0,167.0,14.0,23.0,0.0,0.0,0.0,0.0,0.0,0.0,0.0,0.0,0.0,0.0,0.0,0.0,0.0,0.0,0.0,0.0,0.0,48.70000076293945,48.70000076293945
00-0037258,D.Pierce,0.0,2.0,0.0,0.0,416.0,101.0,13.0,17.0,0.0,0.0,0.0,0.0,0.0,1.0,0.0,0.0,0.0,0.0,0.0,0.0,0.0,0.0,0.0,0.0,0.0,82.70000267028809,82.70000267028809
00-0037261,K.Shakir,0.0,0.0,2.0,0.0,10.0,611.0,39.0,46.0,0.0,0.0,0.0,0.0,0.0,0.0,0.0,0.0,0.0,0.0,0.0,0.0,0.0,0.0,0.0,0.0,0.0,113.10000228881836,113.10000228881836
00-0037263,T.Allgeier,0.0,4.0,1.0,0.0,683.0,193.0,18.0,24.0,0.0,0.0,0.0,0.0,1.0,0.0,0.0,0.0,0.0,0.0,0.0,0.0,0.0,0.0,0.0,0.0,0.0,137.600004196167,137.600004196167
00-0037267,J.Ford,0.0,4.0,5.0,0.0,813.0,319.0,44.0,63.0,0.0,0.0,0.0,1.0,0.0,0.0,0.0,0.0,0.0,0.0,0.0,0.0,0.0,0.0,0.0,0.0,0.0,213.2000026702881,213.2000026702881
00-0037273,K.Philips,0.0,0.0,0.0,0.0,0.0,181.0,15.0,22.0,0.0,1.0,0.0,0.0,0.0,0.0,0.0,0.0,0.0,0.0,0.0,0.0,0.0,0.0,0.0,0.0,0.0,31.100000381469727,31.100000381469727
00-0037276,T.Chandler,0.0,3.0,0.0,0.0,461.0,159.0,21.0,25.0,0.0,0.0,0.0,0.0,0.0,0.0,0.0,0.0,0.0,0.0,0.0,0.0,0.0,0.0,0.0,0.0,0.0,101.00000286102295,101.00000286102295
00-0037277,T.Quitoriano,0.0,0.0,0.0,0.0,0.0,33.0,2.0,3.0,0.0,0.0,0.0,0.0,0.0,0.0,0.0,0.0,0.0,0.0,0.0,0.0,0.0,0.0,0.0,0.0,0.0,5.299999952316284,5.299999952316284
00-0037282,J.Mitchell,0.0,0.0,0.0,0.0,0.0,28.0,2.0,3.0,0.0,0.0,0.0,0.0,0.0,0.0,0.0,0.0,0.0,0.0,0.0,0.0,0.0,0.0,0.0,0.0,0.0,4.799999952316284,4.799999952316284
00-0037286,K.Harris,0.0,1.0,0.0,0.0,65.0,58.0,3.0,3.0,0.0,0.0,0.0,0.0,0.0,0.0,0.0,0.0,0.0,0.0,0.0,0.0,0.0,0.0,0.0,0.0,0.0,21.300000190734863,21.300000190734863
00-0037289,M.Rodriguez,0.0,0.0,0.0,0.0,0.0,6.0,1.0,1.0,0.0,0.0,0.0,0.0,0.0,0.0,0.0,0.0,0.0,0.0,0.0,0.0,0.0,0.0,0.0,0.0,0.0,1.600000023841858,1.600000023841858
00-0037291,J.Nailor,0.0,0.0,0.0,0.0,0.0,29.0,3.0,6.0,0.0,0.0,0.0,0.0,0.0,0.0,0.0,0.0,0.0,0.0,0.0,0.0,0.0,0.0,0.0,0.0,0.0,5.900000095367432,5.900000095367432
00-0037292,A.Ogletree,0.0,0.0,2.0,0.0,0.0,147.0,9.0,21.0,0.0,0.0,0.0,0.0,0.0,0.0,0.0,0.0,0.0,0.0,0.0,0.0,0.0,0.0,0.0,0.0,0.0,35.69999980926514,35.69999980926514
00-0037299,K.Ingram,0.0,0.0,0.0,0.0,74.0,26.0,4.0,4.0,0.0,0.0,0.0,0.0,0.0,0.0,0.0,0.0,0.0,0.0,0.0,0.0,0.0,0.0,0.0,0.0,0.0,14.000000238418579,14.000000238418579
00-0037304,Co.Heyward,0.0,0.0,0.0,0.0,0.0,167.0,23.0,34.0,0.0,0.0,0.0,0.0,0.0,0.0,0.0,0.0,0.0,0.0,0.0,0.0,0.0,0.0,0.0,0.0,0.0,39.70000076293945,39.70000076293945
00-0037306,J.FitzPatrick,0.0,0.0,0.0,0.0,0.0,12.0,1.0,1.0,0.0,0.0,0.0,0.0,0.0,0.0,0.0,0.0,0.0,0.0,0.0,0.0,0.0,0.0,0.0,0.0,0.0,2.200000047683716,2.200000047683716
00-0037311,K.Kieft,0.0,0.0,1.0,0.0,0.0,2.0,1.0,5.0,0.0,0.0,0.0,0.0,0.0,0.0,0.0,0.0,0.0,0.0,0.0,0.0,0.0,0.0,0.0,0.0,0.0,7.200000002980232,7.200000002980232
00-0037317,N.Muse,0.0,0.0,0.0,0.0,0.0,22.0,1.0,1.0,0.0,0.0,0.0,0.0,0.0,0.0,0.0,0.0,0.0,0.0,0.0,0.0,0.0,0.0,0.0,0.0,0.0,3.200000047683716,3.200000047683716
00-0037382,B.Johnson,0.0,0.0,4.0,0.0,0.0,284.0,19.0,31.0,0.0,0.0,0.0,0.0,1.0,0.0,0.0,0.0,0.0,0.0,0.0,0.0,0.0,0.0,0.0,0.0,0.0,73.39999961853027,73.39999961853027
00-0037410,J.Corbin,0.0,0.0,0.0,0.0,1.0,12.0,3.0,3.0,0.0,0.0,0.0,0.0,0.0,0.0,0.0,0.0,0.0,0.0,0.0,0.0,0.0,0.0,0.0,0.0,0.0,4.300000049173832,4.300000049173832
00-0037420,K.Lassiter,0.0,0.0,0.0,0.0,0.0,2.0,1.0,1.0,0.0,0.0,0.0,0.0,0.0,0.0,0.0,0.0,0.0,0.0,0.0,0.0,0.0,0.0,0.0,0.0,0.0,1.2000000029802322,1.2000000029802322
00-0037429,R.Blackshear,0.0,0.0,0.0,0.0,46.0,45.0,6.0,7.0,0.0,0.0,0.0,1.0,0.0,0.0,0.0,0.0,0.0,0.0,0.0,0.0,0.0,0.0,0.0,0.0,0.0,17.09999990463257,17.09999990463257
00-0037451,R.Williams,0.0,0.0,0.0,0.0,0.0,0.0,0.0,2.0,0.0,0.0,0.0,0.0,0.0,0.0,0.0,0.0,0.0,0.0,0.0,0.0,0.0,0.0,0.0,0.0,0.0,0.0,0.0
00-0037475,S.Smartt,0.0,0.0,1.0,0.0,0.0,155.0,11.0,21.0,0.0,0.0,0.0,0.0,0.0,0.0,0.0,0.0,0.0,0.0,0.0,0.0,0.0,0.0,0.0,0.0,0.0,32.5,32.5
00-0037487,D.Thompkins,0.0,0.0,1.0,0.0,56.0,83.0,17.0,25.0,0.0,1.0,0.0,0.0,0.0,0.0,0.0,0.0,0.0,0.0,0.0,0.0,0.0,0.0,0.0,0.0,0.0,34.90000009536743,34.90000009536743
00-0037506,C.Fotheringham,0.0,0.0,0.0,0.0,0.0,6.0,1.0,1.0,0.0,0.0,0.0,0.0,0.0,0.0,0.0,0.0,0.0,0.0,0.0,0.0,0.0,0.0,0.0,0.0,0.0,1.600000023841858,1.600000023841858
00-0037525,J.Mason,0.0,3.0,0.0,0.0,206.0,31.0,3.0,4.0,0.0,0.0,0.0,0.0,0.0,0.0,0.0,0.0,0.0,0.0,0.0,0.0,0.0,0.0,0.0,0.0,0.0,44.700000524520874,44.700000524520874
00-0037539,L.Krull,0.0,0.0,1.0,0.0,0.0,95.0,8.0,14.0,0.0,0.0,0.0,0.0,0.0,0.0,0.0,0.0,0.0,0.0,0.0,0.0,0.0,0.0,0.0,0.0,0.0,23.5,23.5
00-0037545,R.Shaheed,0.0,0.0,5.0,0.0,37.0,719.0,46.0,75.0,0.0,1.0,0.0,0.0,0.0,0.0,1.0,0.0,0.0,0.0,0.0,0.0,0.0,0.0,0.0,0.0,0.0,155.60000157356262,155.60000157356262
00-0037557,R.Rivers,0.0,0.0,0.0,0.0,129.0,22.0,5.0,5.0,0.0,0.0,0.0,0.0,0.0,0.0,0.0,0.0,0.0,0.0,0.0,0.0,0.0,0.0,0.0,0.0,0.0,20.100000619888306,20.100000619888306
00-0037569,P.Hendershot,0.0,0.0,0.0,0.0,0.0,38.0,4.0,7.0,0.0,0.0,0.0,0.0,0.0,0.0,0.0,0.0,0.0,0.0,0.0,0.0,0.0,0.0,0.0,0.0,0.0,7.799999952316284,7.799999952316284
00-0037607,R.Stonehouse,0.0,0.0,0.0,0.0,-11.0,0.0,0.0,0.0,0.0,1.0,0.0,0.0,0.0,0.0,0.0,0.0,0.0,0.0,0.0,0.0,0.0,0.0,0.0,0.0,0.0,-3.100000023841858,-3.100000023841858
00-0037614,J.Metchie,0.0,0.0,0.0,0.0,4.0,158.0,16.0,30.0,0.0,0.0,0.0,0.0,0.0,0.0,0.0,0.0,0.0,0.0,0.0,0.0,0.0,0.0,0.0,0.0,0.0,32.20000019669533,32.20000019669533
00-0037654,T.Fisk,0.0,0.0,0.0,0.0,0.0,9.0,1.0,1.0,0.0,0.0,0.0,0.0,0.0,0.0,0.0,0.0,0.0,0.0,0.0,0.0,0.0,0.0,0.0,0.0,0.0,1.9000000357627869,1.9000000357627869
00-0037664,A.Pierce,0.0,0.0,2.0,0.0,0.0,514.0,32.0,65.0,0.0,0.0,0.0,0.0,0.0,0.0,0.0,0.0,0.0,0.0,0.0,0.0,0.0,0.0,0.0,0.0,0.0,95.4000015258789,95.4000015258789
00-0037666,J.Tolbert,0.0,0.0,2.0,0.0,0.0,268.0,22.0,36.0,0.0,1.0,0.0,0.0,0.0,0.0,0.0,0.0,0.0,0.0,0.0,0.0,0.0,0.0,0.0,0.0,0.0,58.80000114440918,58.80000114440918
00-0037692,B.Aubrey,0.0,0.0,0.0,0.0,0.0,0.0,0.0,0.0,0.0,0.0,0.0,0.0,0.0,0.0,0.0,22.0,4.0,9.0,1.0,2.0,0.0,0.0,0.0,49.0,3.0,180.0,180.0
00-0037740,G.Wilson,0.0,0.0,3.0,0.0,0.0,1042.0,95.0,168.0,0.0,2.0,0.0,0.0,0.0,0.0,0.0,0.0,0.0,0.0,0.0,0.0,0.0,0.0,0.0,0.0,0.0,213.20000457763672,213.20000457763672
00-0037741,J.Dotson,0.0,0.0,4.0,0.0,0.0,518.0,49.0,83.0,0.0,0.0,0.0,0.0,0.0,0.0,0.0,0.0,0.0,0.0,0.0,0.0,0.0,0.0,0.0,0.0,0.0,124.79999923706055,124.79999923706055
00-0037742,T.Burks,0.0,0.0,0.0,0.0,18.0,221.0,16.0,30.0,0.0,0.0,0.0,0.0,0.0,0.0,0.0,0.0,0.0,0.0,0.0,0.0,0.0,0.0,0.0,0.0,0.0,39.9000004529953,39.9000004529953
00-0037744,T.McBride,0.0,0.0,3.0,0.0,0.0,825.0,81.0,106.0,0.0,0.0,0.0,0.0,0.0,0.0,0.0,0.0,0.0,0.0,0.0,0.0,0.0,0.0,0.0,0.0,0.0,181.5,181.5
00-0037745,V.Jones,0.0,0.0,0.0,0.0,51.0,20.0,4.0,7.0,0.0,0.0,0.0,0.0,0.0,0.0,0.0,0.0,0.0,0.0,0.0,0.0,0.0,0.0,0.0,0.0,0.0,11.099999904632568,11.099999904632568
00-0037746,B.Robinson,0.0,5.0,4.0,0.0,733.0,368.0,36.0,43.0,0.0,2.0,0.0,1.0,0.0,0.0,0.0,0.0,0.0,0.0,0.0,0.0,0.0,0.0,0.0,0.0,0.0,198.10000228881836,198.10000228881836
00-0037801,K.Turpin,0.0,1.0,3.0,0.0,110.0,127.0,12.0,18.0,0.0,0.0,0.0,0.0,0.0,0.0,0.0,0.0,0.0,0.0,0.0,0.0,0.0,0.0,0.0,0.0,0.0,59.69999980926514,59.69999980926514
00-0037805,J.Ruckert,0.0,0.0,0.0,0.0,0.0,151.0,16.0,22.0,0.0,0.0,0.0,0.0,0.0,0.0,0.0,0.0,0.0,0.0,0.0,0.0,0.0,0.0,0.0,0.0,0.0,31.100000381469727,31.100000381469727
00-0037809,C.Okonkwo,0.0,0.0,1.0,0.0,6.0,528.0,54.0,77.0,0.0,0.0,0.0,0.0,0.0,0.0,0.0,0.0,0.0,0.0,0.0,0.0,0.0,0.0,0.0,0.0,0.0,113.3999992609024,113.3999992609024
00-0037816,R.Doubs,0.0,0.0,8.0,0.0,0.0,674.0,59.0,96.0,0.0,0.0,0.0,0.0,0.0,0.0,0.0,0.0,0.0,0.0,0.0,0.0,0.0,0.0,0.0,0.0,0.0,174.4000015258789,174.4000015258789
00-0037827,T.Davis-Price,0.0,0.0,0.0,0.0,21.0,0.0,0.0,0.0,0.0,0.0,0.0,0.0,0.0,0.0,0.0,0.0,0.0,0.0,0.0,0.0,0.0,0.0,0.0,0.0,0.0,2.1000001430511475,2.1000001430511475
00-0037834,B.Purdy,31.0,2.0,0.0,4280.0,144.0,0.0,0.0,0.0,11.0,2.0,0.0,0.0,0.0,0.0,0.0,0.0,0.0,0.0,0.0,0.0,0.0,0.0,0.0,0.0,0.0,295.5999975204468,295.5999975204468
00-0037837,C.Austin,0.0,1.0,1.0,0.0,57.0,180.0,17.0,30.0,0.0,0.0,0.0,0.0,0.0,0.0,0.0,0.0,0.0,0.0,0.0,0.0,0.0,0.0,0.0,0.0,0.0,52.700000286102295,52.700000286102295
00-0037838,I.Likely,0.0,0.0,5.0,0.0,0.0,411.0,30.0,40.0,0.0,0.0,0.0,0.0,0.0,0.0,0.0,0.0,0.0,0.0,0.0,0.0,0.0,0.0,0.0,0.0,0.0,101.10000228881836,101.10000228881836
00-0037840,K.Williams,0.0,12.0,3.0,0.0,1144.0,204.0,32.0,48.0,0.0,2.0,0.0,1.0,0.0,0.0,0.0,0.0,0.0,0.0,0.0,0.0,0.0,0.0,0.0,0.0,0.0,254.80000114440918,254.80000114440918
00-0038040,Z.White,0.0,1.0,0.0,0.0,451.0,98.0,15.0,19.0,0.0,1.0,0.0,0.0,0.0,0.0,0.0,0.0,0.0,0.0,0.0,0.0,0.0,0.0,0.0,0.0,0.0,73.90000247955322,73.90000247955322
00-0038041,J.Ferguson,0.0,0.0,5.0,0.0,0.0,761.0,71.0,102.0,0.0,0.0,0.0,0.0,0.0,0.0,0.0,0.0,0.0,0.0,0.0,0.0,0.0,0.0,0.0,0.0,0.0,177.0999984741211,177.0999984741211
00-0038045,I.Spiller,0.0,0.0,0.0,0.0,96.0,34.0,6.0,6.0,0.0,0.0,0.0,0.0,0.0,0.0,0.0,0.0,0.0,0.0,0.0,0.0,0.0,0.0,0.0,0.0,0.0,19.000000476837158,19.000000476837158
00-0038046,C.Kolar,0.0,0.0,1.0,0.0,0.0,87.0,7.0,9.0,0.0,0.0,0.0,0.0,0.0,0.0,0.0,0.0,0.0,0.0,0.0,0.0,0.0,0.0,0.0,0.0,0.0,21.699999809265137,21.699999809265137
00-0038090,S.Moore,0.0,0.0,1.0,0.0,23.0,244.0,21.0,38.0,0.0,0.0,0.0,0.0,0.0,0.0,0.0,0.0,0.0,0.0,0.0,0.0,0.0,0.0,0.0,0.0,0.0,53.69999957084656,53.69999957084656
00-0038092,E.Ezukanma,0.0,0.0,0.0,0.0,22.0,0.0,0.0,1.0,0.0,0.0,0.0,0.0,0.0,0.0,0.0,0.0,0.0,0.0,0.0,0.0,0.0,0.0,0.0,0.0,0.0,2.200000047683716,2.200000047683716
00-0038098,P.Strong,0.0,1.0,0.0,0.0,291.0,47.0,5.0,8.0,0.0,1.0,0.0,0.0,0.0,0.0,0.0,0.0,0.0,0.0,0.0,0.0,0.0,0.0,0.0,0.0,0.0,42.80000066757202,42.80000066757202
00-0038102,K.Pickett,6.0,1.0,0.0,2070.0,54.0,0.0,0.0,0.0,4.0,0.0,0.0,0.0,0.0,0.0,0.0,0.0,0.0,0.0,0.0,0.0,0.0,0.0,0.0,0.0,0.0,110.19999551773071,110.19999551773071
00-0038104,T.Thornton,0.0,0.0,0.0,0.0,51.0,91.0,13.0,23.0,0.0,0.0,0.0,0.0,0.0,0.0,0.0,0.0,0.0,0.0,0.0,0.0,0.0,0.0,0.0,0.0,0.0,27.200000286102295,27.200000286102295
00-0038108,B.Zappe,6.0,1.0,0.0,1272.0,83.0,0.0,0.0,0.0,9.0,1.0,0.0,0.0,0.0,0.0,0.0,0.0,0.0,0.0,0.0,0.0,0.0,0.0,0.0,0.0,0.0,69.17999744415283,69.17999744415283
00-0038115,D.Bellinger,0.0,0.0,0.0,0.0,0.0,255.0,25.0,28.0,0.0,0.0,0.0,0.0,0.0,0.0,0.0,0.0,0.0,0.0,0.0,0.0,0.0,0.0,0.0,0.0,0.0,50.5,50.5
00-0038117,W.Robinson,0.0,1.0,1.0,0.0,87.0,525.0,60.0,78.0,0.0,0.0,0.0,0.0,0.0,0.0,0.0,0.0,0.0,0.0,0.0,0.0,0.0,0.0,0.0,0.0,0.0,133.19999980926514,133.19999980926514
00-0038120,Bre.Hall,0.0,5.0,4.0,0.0,994.0,591.0,76.0,95.0,0.0,0.0,0.0,1.0,0.0,0.0,0.0,0.0,0.0,0.0,0.0,0.0,0.0,0.0,0.0,0.0,0.0,290.50000381469727,290.50000381469727
00-0038122,D.Ridder,12.0,5.0,0.0,2836.0,193.0,-6.0,1.0,1.0,12.0,7.0,2.0,0.0,0.0,0.0,0.0,0.0,0.0,0.0,0.0,0.0,0.0,0.0,0.0,0.0,0.0,177.13999593257904,177.13999593257904
00-0038124,C.Watson,0.0,0.0,5.0,0.0,11.0,422.0,28.0,53.0,0.0,0.0,0.0,0.0,0.0,0.0,0.0,0.0,0.0,0.0,0.0,0.0,0.0,0.0,0.0,0.0,0.0,101.30000078678131,101.30000078678131
00-0038128,M.Willis,0.0,0.0,0.0,74.0,21.0,0.0,0.0,0.0,0.0,1.0,0.0,0.0,0.0,0.0,0.0,0.0,0.0,0.0,0.0,0.0,0.0,0.0,0.0,0.0,0.0,3.06000018119812,3.06000018119812
00-0038129,C.Otton,0.0,0.0,4.0,0.0,0.0,452.0,47.0,68.0,0.0,1.0,0.0,0.0,1.0,0.0,0.0,0.0,0.0,0.0,0.0,0.0,0.0,0.0,0.0,0.0,0.0,116.20000076293945,116.20000076293945
00-0038134,K.Walker,0.0,8.0,1.0,0.0,905.0,259.0,29.0,37.0,0.0,0.0,0.0,0.0,0.0,0.0,0.0,0.0,0.0,0.0,0.0,0.0,0.0,0.0,0.0,0.0,0.0,199.39999961853027,199.39999961853027
00-0038152,L.Havrisik,0.0,0.0,0.0,0.0,0.0,0.0,0.0,0.0,0.0,0.0,0.0,0.0,0.0,0.0,0.0,11.0,2.0,2.0,0.0,0.0,4.0,1.0,0.0,19.0,3.0,65.0,65.0
00-0038389,I.Abanikanda,0.0,0.0,0.0,0.0,70.0,43.0,7.0,11.0,0.0,1.0,0.0,0.0,0.0,0.0,0.0,0.0,0.0,0.0,0.0,0.0,0.0,0.0,0.0,0.0,0.0,16.300000190734863,16.300000190734863
00-0038391,S.Clifford,0.0,0.0,0.0,37.0,-2.0,0.0,0.0,0.0,0.0,0.0,0.0,0.0,0.0,0.0,0.0,0.0,0.0,0.0,0.0,0.0,0.0,0.0,0.0,0.0,0.0,1.280000016093254,1.280000016093254
00-0038393,D.Wicks,0.0,0.0,4.0,14.0,1.0,581.0,39.0,58.0,0.0,1.0,0.0,0.0,0.0,0.0,0.0,0.0,0.0,0.0,0.0,0.0,0.0,0.0,0.0,0.0,0.0,119.76000229269266,119.76000229269266
00-0038394,W.Mallory,0.0,0.0,0.0,0.0,0.0,207.0,18.0,26.0,0.0,0.0,0.0,0.0,0.0,0.0,0.0,0.0,0.0,0.0,0.0,0.0,0.0,0.0,0.0,0.0,0.0,38.70000076293945,38.70000076293945
00-0038396,E.Gray,0.0,0.0,0.0,0.0,48.0,22.0,6.0,7.0,0.0,0.0,0.0,0.0,0.0,0.0,0.0,0.0,0.0,0.0,0.0,0.0,0.0,0.0,0.0,0.0,0.0,13.000000238418579,13.000000238418579
00-0038397,E.Hull,0.0,0.0,0.0,0.0,1.0,6.0,1.0,1.0,0.0,0.0,0.0,0.0,0.0,0.0,0.0,0.0,0.0,0.0,0.0,0.0,0.0,0.0,0.0,0.0,0.0,1.700000025331974,1.700000025331974
00-0038402,A.Carlson,0.0,0.0,0.0,0.0,0.0,0.0,0.0,0.0,0.0,0.0,0.0,0.0,0.0,0.0,0.0,20.0,4.0,3.0,0.0,0.0,4.0,1.0,1.0,34.0,5.0,119.0,119.0
00-0038416,T.Bagent,3.0,2.0,0.0,859.0,109.0,0.0,0.0,0.0,6.0,2.0,0.0,0.0,0.0,0.0,0.0,0.0,0.0,0.0,0.0,0.0,0.0,0.0,0.0,0.0,0.0,53.26000118255615,53.26000118255615
00-0038454,K.Mitchell,0.0,2.0,0.0,0.0,396.0,93.0,9.0,11.0,0.0,0.0,0.0,0.0,0.0,0.0,0.0,0.0,0.0,0.0,0.0,0.0,0.0,0.0,0.0,0.0,0.0,69.90000247955322,69.90000247955322
00-0038465,M.Heath,0.0,0.0,1.0,0.0,0.0,125.0,15.0,24.0,0.0,0.0,0.0,0.0,0.0,0.0,0.0,0.0,0.0,0.0,0.0,0.0,0.0,0.0,0.0,0.0,0.0,33.5,33.5
00-0038476,T.DeVito,8.0,1.0,0.0,1101.0,195.0,0.0,0.0,1.0,3.0,1.0,0.0,0.0,0.0,0.0,0.0,0.0,0.0,0.0,0.0,0.0,0.0,0.0,0.0,0.0,0.0,93.54000091552734,93.54000091552734
00-0038490,T.Zentner,0.0,0.0,0.0,0.0,0.0,0.0,0.0,0.0,0.0,0.0,0.0,0.0,0.0,0.0,0.0,0.0,0.0,0.0,0.0,0.0,0.0,0.0,0.0,0.0,0.0,0.0,0.0
00-0038492,J.Brownlee,0.0,0.0,1.0,0.0,0.0,56.0,5.0,8.0,0.0,0.0,0.0,0.0,0.0,0.0,0.0,0.0,0.0,0.0,0.0,0.0,0.0,0.0,0.0,0.0,0.0,16.59999990463257,16.59999990463257
00-0038496,X.Gipson,0.0,1.0,0.0,0.0,68.0,229.0,21.0,38.0,0.0,2.0,0.0,0.0,0.0,0.0,1.0,0.0,0.0,0.0,0.0,0.0,0.0,0.0,0.0,0.0,0.0,58.69999980926514,58.69999980926514
00-0038542,B.Robinson,0.0,4.0,4.0,0.0,976.0,487.0,58.0,86.0,0.0,3.0,0.0,0.0,0.0,0.0,0.0,0.0,0.0,0.0,0.0,0.0,0.0,0.0,0.0,0.0,0.0,246.29999923706055,246.29999923706055
00-0038543,J.Smith-Njigba,0.0,0.0,4.0,0.0,0.0,628.0,63.0,93.0,0.0,0.0,0.0,0.0,0.0,0.0,0.0,0.0,0.0,0.0,0.0,0.0,0.0,0.0,0.0,0.0,0.0,149.79999923706055,149.79999923706055
00-0038544,Q.Johnston,0.0,0.0,2.0,0.0,9.0,431.0,38.0,67.0,0.0,0.0,0.0,0.0,0.0,0.0,0.0,0.0,0.0,0.0,0.0,0.0,0.0,0.0,0.0,0.0,0.0,94.00000232458115,94.00000232458115
00-0038547,L.Schoonmaker,0.0,0.0,2.0,0.0,0.0,65.0,8.0,15.0,0.0,0.0,0.0,0.0,0.0,0.0,0.0,0.0,0.0,0.0,0.0,0.0,0.0,0.0,0.0,0.0,0.0,26.5,26.5
00-0038551,K.Miller,0.0,1.0,0.0,0.0,156.0,117.0,10.0,11.0,0.0,0.0,0.0,0.0,0.0,0.0,0.0,0.0,0.0,0.0,0.0,0.0,0.0,0.0,0.0,0.0,0.0,43.30000019073486,43.30000019073486
00-0038555,T.Bigsby,0.0,2.0,0.0,0.0,132.0,6.0,1.0,4.0,0.0,1.0,0.0,0.0,0.0,0.0,0.0,0.0,0.0,0.0,0.0,0.0,0.0,0.0,0.0,0.0,0.0,24.799999833106995,24.799999833106995
00-0038558,D.Washington,0.0,0.0,0.0,0.0,0.0,61.0,7.0,10.0,0.0,0.0,0.0,0.0,0.0,0.0,0.0,0.0,0.0,0.0,0.0,0.0,0.0,0.0,0.0,0.0,0.0,13.099999904632568,13.099999904632568
00-0038559,Mi.Wilson,0.0,0.0,3.0,0.0,0.0,565.0,38.0,59.0,0.0,0.0,0.0,0.0,1.0,0.0,0.0,0.0,0.0,0.0,0.0,0.0,0.0,0.0,0.0,0.0,0.0,114.5,114.5
00-0038562,J.Moody,0.0,0.0,0.0,0.0,0.0,0.0,0.0,0.0,0.0,0.0,0.0,0.0,0.0,0.0,0.0,15.0,4.0,2.0,0.0,1.0,2.0,1.0,0.0,60.0,1.0,127.0,127.0
00-0038563,T.Tucker,0.0,0.0,2.0,0.0,77.0,331.0,19.0,34.0,0.0,0.0,0.0,0.0,0.0,0.0,0.0,0.0,0.0,0.0,0.0,0.0,0.0,0.0,0.0,0.0,0.0,71.80000257492065,71.80000257492065
00-0038567,C.Ryland,0.0,0.0,0.0,0.0,0.0,0.0,0.0,0.0,0.0,0.0,0.0,0.0,0.0,0.0,0.0,9.0,5.0,2.0,0.0,2.0,5.0,2.0,0.0,24.0,1.0,72.0,72.0
00-0038573,D.Davis,0.0,0.0,0.0,0.0,101.0,66.0,15.0,17.0,0.0,1.0,0.0,0.0,0.0,0.0,1.0,0.0,0.0,0.0,0.0,0.0,0.0,0.0,0.0,0.0,0.0,35.700000286102295,35.700000286102295
00-0038576,C.Jones,0.0,0.0,0.0,0.0,13.0,64.0,7.0,9.0,0.0,0.0,0.0,0.0,0.0,0.0,1.0,0.0,0.0,0.0,0.0,0.0,0.0,0.0,0.0,0.0,0.0,20.700000166893005,20.700000166893005
00-0038579,A.O'Connell,12.0,1.0,0.0,2218.0,11.0,0.0,0.0,0.0,7.0,2.0,0.0,0.0,0.0,0.0,0.0,0.0,0.0,0.0,0.0,0.0,0.0,0.0,0.0,0.0,0.0,125.82000124454498,125.82000124454498
00-0038582,C.Tune,0.0,1.0,0.0,62.0,30.0,0.0,0.0,0.0,2.0,1.0,0.0,1.0,0.0,0.0,0.0,0.0,0.0,0.0,0.0,0.0,0.0,0.0,0.0,0.0,0.0,7.480000019073486,7.480000019073486
00-0038583,D.Thompson-Robinson,1.0,0.0,0.0,440.0,65.0,0.0,0.0,0.0,4.0,0.0,0.0,1.0,0.0,0.0,0.0,0.0,0.0,0.0,0.0,0.0,0.0,0.0,0.0,0.0,0.0,22.100000381469727,22.100000381469727
00-0038589,J.Whyle,0.0,0.0,1.0,0.0,0.0,94.0,9.0,15.0,0.0,0.0,0.0,0.0,0.0,0.0,0.0,0.0,0.0,0.0,0.0,0.0,0.0,0.0,0.0,0.0,0.0,24.40000057220459,24.40000057220459
00-0038597,C.Brown,0.0,0.0,1.0,0.0,179.0,156.0,14.0,15.0,0.0,0.0,0.0,0.0,0.0,0.0,0.0,0.0,0.0,0.0,0.0,0.0,0.0,0.0,0.0,0.0,0.0,53.5,53.5
00-0038598,J.Hall,0.0,0.0,0.0,168.0,14.0,0.0,0.0,0.0,1.0,2.0,0.0,0.0,0.0,0.0,0.0,0.0,0.0,0.0,0.0,0.0,0.0,0.0,0.0,0.0,0.0,2.1199997663497925,2.1199997663497925
00-0038606,P.Washington,0.0,0.0,2.0,0.0,0.0,132.0,16.0,21.0,0.0,1.0,0.0,0.0,0.0,0.0,0.0,0.0,0.0,0.0,0.0,0.0,0.0,0.0,0.0,0.0,0.0,39.19999980926514,39.19999980926514
00-0038608,K.Boutte,0.0,0.0,0.0,0.0,0.0,19.0,2.0,7.0,0.0,0.0,0.0,0.0,0.0,0.0,0.0,0.0,0.0,0.0,0.0,0.0,0.0,0.0,0.0,0.0,0.0,3.899999976158142,3.899999976158142
00-0038611,C.Rodriguez,0.0,2.0,0.0,0.0,247.0,12.0,2.0,2.0,0.0,1.0,0.0,0.0,0.0,0.0,0.0,0.0,0.0,0.0,0.0,0.0,0.0,0.0,0.0,0.0,0.0,37.90000081062317,37.90000081062317
00-0038612,A.Perry,0.0,0.0,4.0,0.0,0.0,246.0,12.0,18.0,0.0,0.0,0.0,0.0,0.0,0.0,0.0,0.0,0.0,0.0,0.0,0.0,0.0,0.0,0.0,0.0,0.0,60.60000038146973,60.60000038146973
00-0038618,X.Hutchinson,0.0,0.0,0.0,0.0,49.0,90.0,8.0,19.0,0.0,0.0,0.0,0.0,0.0,0.0,0.0,0.0,0.0,0.0,0.0,0.0,0.0,0.0,0.0,0.0,0.0,21.90000009536743,21.90000009536743
00-0038619,A.Iosivas,0.0,0.0,4.0,0.0,0.0,116.0,15.0,25.0,0.0,0.0,0.0,0.0,0.0,0.0,0.0,0.0,0.0,0.0,0.0,0.0,0.0,0.0,0.0,0.0,0.0,50.60000038146973,50.60000038146973
00-0038621,D.Douglas,0.0,0.0,0.0,0.0,41.0,561.0,49.0,79.0,0.0,1.0,0.0,0.0,0.0,0.0,0.0,0.0,0.0,0.0,0.0,0.0,0.0,0.0,0.0,0.0,0.0,107.20000219345093,107.20000219345093
00-0038622,D.Vaughn,0.0,0.0,0.0,0.0,40.0,40.0,7.0,7.0,0.0,0.0,0.0,0.0,0.0,0.0,0.0,0.0,0.0,0.0,0.0,0.0,0.0,0.0,0.0,0.0,0.0,15.0,15.0
00-0038627,A.Green,0.0,0.0,0.0,0.0,0.0,2.0,1.0,2.0,0.0,0.0,0.0,0.0,0.0,0.0,0.0,0.0,0.0,0.0,0.0,0.0,0.0,0.0,0.0,0.0,0.0,1.2000000029802322,1.2000000029802322
00-0038632,C.Dowell,0.0,0.0,0.0,0.0,0.0,3.0,1.0,2.0,0.0,0.0,0.0,0.0,0.0,0.0,0.0,0.0,0.0,0.0,0.0,0.0,0.0,0.0,0.0,0.0,0.0,1.300000011920929,1.300000011920929
00-0038640,J.Brooks,0.0,0.0,0.0,0.0,0.0,64.0,6.0,6.0,0.0,0.0,0.0,0.0,0.0,0.0,0.0,0.0,0.0,0.0,0.0,0.0,0.0,0.0,0.0,0.0,0.0,12.400000095367432,12.400000095367432
00-0038647,R.Bell,0.0,0.0,3.0,0.0,0.0,68.0,6.0,13.0,0.0,0.0,0.0,0.0,0.0,0.0,0.0,0.0,0.0,0.0,0.0,0.0,0.0,0.0,0.0,0.0,0.0,30.800000190734863,30.800000190734863
00-0038667,E.Cooks,0.0,0.0,0.0,0.0,0.0,38.0,3.0,4.0,0.0,0.0,0.0,0.0,0.0,0.0,0.0,0.0,0.0,0.0,0.0,0.0,0.0,0.0,0.0,0.0,0.0,6.799999952316284,6.799999952316284
00-0038678,J.Mims,0.0,0.0,0.0,0.0,0.0,0.0,0.0,2.0,0.0,0.0,0.0,0.0,0.0,0.0,0.0,0.0,0.0,0.0,0.0,0.0,0.0,0.0,0.0,0.0,0.0,0.0,0.0
00-0038685,C.Brooks,0.0,0.0,0.0,0.0,106.0,0.0,0.0,0.0,0.0,0.0,0.0,0.0,0.0,0.0,0.0,0.0,0.0,0.0,0.0,0.0,0.0,0.0,0.0,0.0,0.0,10.600000381469727,10.600000381469727
00-0038705,E.Demercado,0.0,2.0,0.0,0.0,284.0,119.0,21.0,30.0,0.0,0.0,0.0,0.0,0.0,0.0,0.0,0.0,0.0,0.0,0.0,0.0,0.0,0.0,0.0,0.0,0.0,73.30000019073486,73.30000019073486
00-0038720,J.Hill,0.0,0.0,0.0,0.0,0.0,48.0,6.0,10.0,0.0,1.0,0.0,0.0,0.0,0.0,0.0,0.0,0.0,0.0,0.0,0.0,0.0,0.0,0.0,0.0,0.0,8.800000190734863,8.800000190734863
00-0038738,H.Luepke,0.0,1.0,0.0,0.0,19.0,18.0,3.0,4.0,0.0,0.0,0.0,0.0,0.0,0.0,0.0,0.0,0.0,0.0,0.0,0.0,0.0,0.0,0.0,0.0,0.0,12.700000047683716,12.700000047683716
00-0038752,J.Bobo,0.0,1.0,2.0,0.0,3.0,196.0,19.0,25.0,0.0,0.0,0.0,0.0,0.0,0.0,0.0,0.0,0.0,0.0,0.0,0.0,0.0,0.0,0.0,0.0,0.0,56.900000393390656,56.900000393390656
00-0038783,N.Adkins,0.0,0.0,0.0,0.0,0.0,22.0,4.0,5.0,0.0,0.0,0.0,0.0,0.0,0.0,0.0,0.0,0.0,0.0,0.0,0.0,0.0,0.0,0.0,0.0,0.0,6.200000047683716,6.200000047683716
00-0038794,J.McLaughlin,0.0,1.0,2.0,0.0,410.0,160.0,31.0,36.0,0.0,0.0,0.0,0.0,0.0,0.0,0.0,0.0,0.0,0.0,0.0,0.0,0.0,0.0,0.0,0.0,0.0,106.0,106.0
00-0038797,Em.Wilson,0.0,0.0,0.0,0.0,85.0,23.0,4.0,5.0,0.0,0.0,0.0,0.0,0.0,0.0,0.0,0.0,0.0,0.0,0.0,0.0,0.0,0.0,0.0,0.0,0.0,14.799999952316284,14.799999952316284
00-0038809,B.Sims,0.0,0.0,1.0,0.0,0.0,21.0,4.0,6.0,0.0,0.0,0.0,0.0,0.0,0.0,0.0,0.0,0.0,0.0,0.0,0.0,0.0,0.0,0.0,0.0,0.0,12.100000143051147,12.100000143051147
00-0038821,R.Jarrett,0.0,0.0,0.0,0.0,0.0,60.0,4.0,9.0,0.0,0.0,0.0,0.0,0.0,0.0,0.0,0.0,0.0,0.0,0.0,0.0,0.0,0.0,0.0,0.0,0.0,10.0,10.0
00-0038862,E.Dotson,0.0,0.0,0.0,0.0,6.0,13.0,2.0,2.0,0.0,0.0,0.0,0.0,0.0,0.0,0.0,0.0,0.0,0.0,0.0,0.0,0.0,0.0,0.0,0.0,0.0,3.9000000953674316,3.9000000953674316
00-0038891,S.Jackson,0.0,0.0,0.0,0.0,0.0,0.0,0.0,1.0,0.0,0.0,0.0,0.0,0.0,0.0,0.0,0.0,0.0,0.0,0.0,0.0,0.0,0.0,0.0,0.0,0.0,0.0,0.0
00-0038905,B.Grupe,0.0,0.0,0.0,0.0,0.0,0.0,0.0,0.0,0.0,0.0,0.0,0.0,0.0,0.0,0.0,16.0,8.0,6.0,0.0,2.0,2.0,3.0,0.0,40.0,0.0,143.0,143.0
00-0038911,M.Cunningham,0.0,0.0,0.0,0.0,0.0,0.0,0.0,0.0,0.0,0.0,0.0,0.0,0.0,0.0,0.0,0.0,0.0,0.0,0.0,0.0,0.0,0.0,0.0,0.0,0.0,0.0,0.0
00-0038933,D.Kincaid,0.0,0.0,2.0,0.0,0.0,673.0,73.0,91.0,0.0,1.0,0.0,0.0,0.0,0.0,0.0,0.0,0.0,0.0,0.0,0.0,0.0,0.0,0.0,0.0,0.0,150.3000030517578,150.3000030517578
00-0038935,B.Strange,0.0,0.0,1.0,0.0,0.0,35.0,5.0,9.0,0.0,0.0,0.0,0.0,0.0,0.0,0.0,0.0,0.0,0.0,0.0,0.0,0.0,0.0,0.0,0.0,0.0,14.5,14.5
00-0038938,J.Hyatt,0.0,0.0,0.0,0.0,0.0,373.0,23.0,40.0,0.0,0.0,0.0,0.0,0.0,0.0,0.0,0.0,0.0,0.0,0.0,0.0,0.0,0.0,0.0,0.0,0.0,60.29999923706055,60.29999923706055
00-0038941,T.Scott,0.0,0.0,0.0,0.0,41.0,168.0,17.0,32.0,0.0,1.0,0.0,0.0,0.0,0.0,0.0,0.0,0.0,0.0,0.0,0.0,0.0,0.0,0.0,0.0,0.0,35.90000104904175,35.90000104904175
00-0038951,S.Tucker,0.0,0.0,0.0,0.0,23.0,9.0,2.0,2.0,0.0,0.0,0.0,0.0,0.0,0.0,0.0,0.0,0.0,0.0,0.0,0.0,0.0,0.0,0.0,0.0,0.0,5.199999988079071,5.199999988079071
00-0038961,,0.0,0.0,0.0,0.0,0.0,0.0,0.0,0.0,0.0,2.0,0.0,0.0,0.0,0.0,0.0,0.0,0.0,0.0,0.0,0.0,0.0,0.0,0.0,0.0,0.0,-4.0,-4.0
00-0038976,M.Mims,0.0,0.0,1.0,0.0,30.0,377.0,22.0,33.0,0.0,2.0,0.0,0.0,0.0,2.0,0.0,0.0,0.0,0.0,0.0,0.0,0.0,0.0,0.0,0.0,0.0,76.70000076293945,76.70000076293945
00-0038977,N.Dell,0.0,0.0,7.0,0.0,51.0,709.0,47.0,76.0,0.0,0.0,0.0,0.0,0.0,0.0,0.0,0.0,0.0,0.0,0.0,0.0,0.0,0.0,0.0,0.0,0.0,165.00000143051147,165.00000143051147
00-0038979,C.Tillman,0.0,0.0,0.0,0.0,8.0,224.0,21.0,44.0,0.0,0.0,0.0,0.0,0.0,0.0,0.0,0.0,0.0,0.0,0.0,0.0,0.0,0.0,0.0,0.0,0.0,44.1999996304512,44.1999996304512
00-0038994,J.Addison,0.0,0.0,10.0,0.0,2.0,911.0,70.0,108.0,0.0,0.0,0.0,0.0,0.0,0.0,0.0,0.0,0.0,0.0,0.0,0.0,0.0,0.0,0.0,0.0,0.0,221.29999847710133,221.29999847710133
00-0038996,T.Kraft,0.0,0.0,2.0,0.0,0.0,355.0,31.0,40.0,0.0,0.0,0.0,0.0,0.0,0.0,0.0,0.0,0.0,0.0,0.0,0.0,0.0,0.0,0.0,0.0,0.0,78.5,78.5
00-0038997,J.Downs,0.0,0.0,2.0,0.0,0.0,771.0,68.0,98.0,0.0,0.0,0.0,0.0,0.0,0.0,0.0,0.0,0.0,0.0,0.0,0.0,0.0,0.0,0.0,0.0,0.0,157.0999984741211,157.0999984741211
00-0039021,R.Johnson,0.0,2.0,0.0,0.0,352.0,209.0,34.0,40.0,0.0,0.0,0.0,0.0,0.0,0.0,0.0,0.0,0.0,0.0,0.0,0.0,0.0,0.0,0.0,0.0,0.0,102.10000038146973,102.10000038146973
00-0039032,T.Spears,0.0,2.0,1.0,0.0,453.0,385.0,52.0,70.0,0.0,0.0,0.0,0.0,0.0,0.0,0.0,0.0,0.0,0.0,0.0,0.0,0.0,0.0,0.0,0.0,0.0,153.79999923706055,153.79999923706055
00-0039040,D.Achane,0.0,8.0,3.0,0.0,800.0,197.0,27.0,37.0,0.0,1.0,0.0,0.0,0.0,0.0,0.0,0.0,0.0,0.0,0.0,0.0,0.0,0.0,0.0,0.0,0.0,190.70000076293945,190.70000076293945
00-0039041,E.Higgins,0.0,0.0,1.0,0.0,0.0,163.0,14.0,19.0,0.0,0.0,0.0,0.0,0.0,0.0,0.0,0.0,0.0,0.0,0.0,0.0,0.0,0.0,0.0,0.0,0.0,36.30000114440918,36.30000114440918
00-0039050,P.Durham,0.0,0.0,0.0,0.0,0.0,58.0,5.0,7.0,0.0,0.0,0.0,0.0,0.0,0.0,0.0,0.0,0.0,0.0,0.0,0.0,0.0,0.0,0.0,0.0,0.0,10.800000190734863,10.800000190734863
00-0039052,T.Palmer,0.0,0.0,3.0,0.0,22.0,385.0,39.0,69.0,0.0,1.0,0.0,0.0,0.0,0.0,0.0,0.0,0.0,0.0,0.0,0.0,0.0,0.0,0.0,0.0,0.0,95.70000004768372,95.70000004768372
00-0039062,J.Mingo,0.0,0.0,0.0,0.0,0.0,418.0,43.0,85.0,0.0,0.0,0.0,0.0,0.0,0.0,0.0,0.0,0.0,0.0,0.0,0.0,0.0,0.0,0.0,0.0,0.0,84.79999923706055,84.79999923706055
00-0039064,Z.Flowers,0.0,1.0,5.0,0.0,56.0,858.0,77.0,109.0,0.0,0.0,0.0,0.0,1.0,0.0,0.0,0.0,0.0,0.0,0.0,0.0,0.0,0.0,0.0,0.0,0.0,206.40000295639038,206.40000295639038
00-0039065,S.LaPorta,0.0,0.0,10.0,0.0,4.0,889.0,86.0,122.0,0.0,0.0,0.0,0.0,2.0,0.0,0.0,0.0,0.0,0.0,0.0,0.0,0.0,0.0,0.0,0.0,0.0,239.30000153183937,239.30000153183937
00-0039066,M.Mayer,0.0,0.0,2.0,0.0,0.0,304.0,27.0,41.0,0.0,0.0,0.0,0.0,1.0,0.0,0.0,0.0,0.0,0.0,0.0,0.0,0.0,0.0,0.0,0.0,0.0,71.39999961853027,71.39999961853027
00-0039067,R.Rice,0.0,0.0,7.0,0.0,-3.0,938.0,79.0,102.0,0.0,1.0,0.0,0.0,0.0,0.0,0.0,0.0,0.0,0.0,0.0,0.0,0.0,0.0,0.0,0.0,0.0,212.50000303983688,212.50000303983688
00-0039074,D.Allen,0.0,0.0,1.0,0.0,0.0,95.0,10.0,11.0,0.0,0.0,0.0,0.0,0.0,0.0,0.0,0.0,0.0,0.0,0.0,0.0,0.0,0.0,0.0,0.0,0.0,25.5,25.5
00-0039075,P.Nacua,0.0,0.0,6.0,0.0,89.0,1486.0,105.0,160.0,0.0,0.0,0.0,0.0,0.0,0.0,0.0,0.0,0.0,0.0,0.0,0.0,0.0,0.0,0.0,0.0,0.0,298.5000066757202,298.5000066757202
00-0039136,Z.Evans,0.0,0.0,0.0,0.0,19.0,0.0,0.0,0.0,0.0,0.0,0.0,0.0,0.0,0.0,0.0,0.0,0.0,0.0,0.0,0.0,0.0,0.0,0.0,0.0,0.0,1.899999976158142,1.899999976158142
00-0039139,J.Gibbs,0.0,10.0,1.0,0.0,945.0,316.0,52.0,72.0,0.0,1.0,0.0,0.0,0.0,0.0,0.0,0.0,0.0,0.0,0.0,0.0,0.0,0.0,0.0,0.0,0.0,242.10000038146973,242.10000038146973
00-0039144,L.Musgrave,0.0,0.0,1.0,0.0,0.0,352.0,34.0,46.0,0.0,0.0,0.0,0.0,0.0,0.0,0.0,0.0,0.0,0.0,0.0,0.0,0.0,0.0,0.0,0.0,0.0,75.20000076293945,75.20000076293945
00-0039146,J.Reed,0.0,2.0,8.0,0.0,119.0,793.0,64.0,95.0,0.0,0.0,0.0,0.0,1.0,0.0,0.0,0.0,0.0,0.0,0.0,0.0,0.0,0.0,0.0,0.0,0.0,217.2000036239624,217.2000036239624
00-0039150,B.Young,11.0,0.0,0.0,2877.0,253.0,0.0,0.0,0.0,10.0,6.0,1.0,1.0,0.0,0.0,0.0,0.0,0.0,0.0,0.0,0.0,0.0,0.0,0.0,0.0,0.0,156.37999534606934,156.37999534606934
00-0039152,W.Levis,8.0,1.0,0.0,1808.0,57.0,0.0,0.0,0.0,4.0,4.0,1.0,0.0,0.0,0.0,0.0,0.0,0.0,0.0,0.0,0.0,0.0,0.0,0.0,0.0,0.0,102.01999998092651,102.01999998092651
00-0039163,C.Stroud,23.0,3.0,0.0,4108.0,157.0,0.0,1.0,1.0,5.0,4.0,0.0,1.0,0.0,0.0,0.0,0.0,0.0,0.0,0.0,0.0,0.0,0.0,0.0,0.0,0.0,275.0199918746948,275.0199918746948
00-0039164,A.Richardson,3.0,4.0,0.0,577.0,136.0,0.0,0.0,0.0,1.0,1.0,2.0,0.0,0.0,0.0,0.0,0.0,0.0,0.0,0.0,0.0,0.0,0.0,0.0,0.0,0.0,72.68000030517578,72.68000030517578
00-0039165,Z.Charbonnet,0.0,1.0,0.0,0.0,462.0,209.0,33.0,40.0,0.0,0.0,0.0,0.0,0.0,0.0,0.0,0.0,0.0,0.0,0.0,0.0,0.0,0.0,0.0,0.0,0.0,106.10000038146973,106.10000038146973
