season,week,pa_team,ya,int,sk,sfty,pbk,pa,pa_tds,fr,d_td,blkk,YA100,YA199,YA299,YA349,YA399,YA449,YA499,YA549,YA550,PA0,PA1,PA7,PA14,PA18,PA28,PA35,PA46,fpts
2020,1,ARI,366.0,0.0,3.0,0.0,1.0,20.0,2.0,0.0,0.0,0.0,0,0,0,0,1,0,0,0,0,0,0,0,0,1,0,0,0,4.0
2020,1,ATL,383.0,0.0,3.0,0.0,0.0,38.0,5.0,0.0,0.0,0.0,0,0,0,0,1,0,0,0,0,0,0,0,0,0,0,1,0,-1.0
2020,1,BAL,306.0,1.0,2.0,0.0,0.0,6.0,1.0,2.0,0.0,0.0,0,0,0,1,0,0,0,0,0,0,1,0,0,0,0,0,0,12.0
2020,1,BUF,254.0,1.0,3.0,0.0,0.0,17.0,2.0,1.0,0.0,0.0,0,0,1,0,0,0,0,0,0,0,0,0,1,0,0,0,0,10.0
2020,1,CAR,372.0,0.0,0.0,0.0,0.0,34.0,4.0,0.0,0.0,0.0,0,0,0,0,1,0,0,0,0,0,0,0,0,0,1,0,0,-2.0
2020,1,CHI,426.0,1.0,1.0,0.0,0.0,23.0,2.0,0.0,0.0,0.0,0,0,0,0,0,1,0,0,0,0,0,0,0,1,0,0,0,0.0
2020,1,CIN,362.0,0.0,2.0,0.0,0.0,16.0,1.0,0.0,0.0,0.0,0,0,0,0,1,0,0,0,0,0,0,0,1,0,0,0,0,2.0
2020,1,CLE,381.0,0.0,2.0,0.0,0.0,38.0,5.0,1.0,0.0,0.0,0,0,0,0,1,0,0,0,0,0,0,0,0,0,0,1,0,0.0
2020,1,DAL,422.0,1.0,1.0,0.0,0.0,20.0,2.0,0.0,0.0,0.0,0,0,0,0,0,1,0,0,0,0,0,0,0,1,0,0,0,0.0
2020,1,DEN,377.0,0.0,1.0,0.0,0.0,16.0,2.0,0.0,0.0,1.0,0,0,0,0,1,0,0,0,0,0,0,0,1,0,0,0,0,3.0
2020,1,DET,363.0,0.0,1.0,0.0,0.0,27.0,3.0,0.0,0.0,0.0,0,0,0,0,1,0,0,0,0,0,0,0,0,1,0,0,0,0.0
2020,1,GB,388.0,1.0,2.0,1.0,0.0,34.0,4.0,0.0,0.0,0.0,0,0,0,0,1,0,0,0,0,0,0,0,0,0,1,0,0,4.0
2020,1,HOU,369.0,0.0,1.0,0.0,0.0,34.0,4.0,0.0,0.0,0.0,0,0,0,0,1,0,0,0,0,0,0,0,0,0,1,0,0,-1.0
2020,1,IND,241.0,0.0,4.0,0.0,0.0,27.0,3.0,0.0,0.0,0.0,0,0,1,0,0,0,0,0,0,0,0,0,0,1,0,0,0,6.0
2020,1,JAX,445.0,2.0,1.0,0.0,0.0,20.0,2.0,0.0,0.0,0.0,0,0,0,0,0,1,0,0,0,0,0,0,0,1,0,0,0,2.0
2020,1,KC,360.0,1.0,4.0,0.0,0.0,20.0,3.0,0.0,0.0,0.0,0,0,0,0,1,0,0,0,0,0,0,0,0,1,0,0,0,5.0
2020,1,LA,380.0,0.0,3.0,0.0,0.0,17.0,2.0,0.0,0.0,0.0,0,0,0,0,1,0,0,0,0,0,0,0,1,0,0,0,0,3.0
2020,1,LAC,295.0,1.0,3.0,0.0,0.0,13.0,1.0,1.0,0.0,0.0,0,0,1,0,0,0,0,0,0,0,0,1,0,0,0,0,0,12.0
2020,1,LV,390.0,0.0,1.0,0.0,0.0,30.0,3.0,0.0,0.0,0.0,0,0,0,0,1,0,0,0,0,0,0,0,0,0,1,0,0,-1.0
2020,1,MIA,357.0,0.0,2.0,0.0,0.0,21.0,3.0,0.0,0.0,0.0,0,0,0,0,1,0,0,0,0,0,0,0,0,1,0,0,0,1.0
2020,1,MIN,522.0,0.0,0.0,0.0,0.0,41.0,5.0,0.0,0.0,0.0,0,0,0,0,0,0,0,1,0,0,0,0,0,0,0,1,0,-9.0
2020,1,NE,271.0,3.0,1.0,0.0,0.0,11.0,1.0,0.0,0.0,0.0,0,0,1,0,0,0,0,0,0,0,0,1,0,0,0,0,0,12.0
2020,1,NO,310.0,2.0,3.0,0.0,0.0,23.0,3.0,1.0,1.0,1.0,0,0,0,1,0,0,0,0,0,0,0,0,0,1,0,0,0,17.0
2020,1,NYG,349.0,0.0,2.0,0.0,0.0,26.0,3.0,1.0,0.0,0.0,0,0,0,1,0,0,0,0,0,0,0,0,0,1,0,0,0,4.0
2020,1,NYJ,404.0,0.0,3.0,0.0,0.0,27.0,3.0,2.0,0.0,0.0,0,0,0,0,0,1,0,0,0,0,0,0,0,1,0,0,0,4.0
2020,1,PHI,239.0,0.0,3.0,0.0,0.0,27.0,3.0,0.0,0.0,0.0,0,0,1,0,0,0,0,0,0,0,0,0,0,1,0,0,0,5.0
2020,1,PIT,291.0,2.0,3.0,0.0,0.0,16.0,2.0,0.0,0.0,0.0,0,0,1,0,0,0,0,0,0,0,0,0,1,0,0,0,0,10.0
2020,1,SEA,506.0,1.0,2.0,0.0,0.0,25.0,3.0,1.0,0.0,0.0,0,0,0,0,0,0,0,1,0,0,0,0,0,1,0,0,0,0.0
2020,1,SF,404.0,1.0,2.0,0.0,0.0,24.0,3.0,0.0,0.0,0.0,0,0,0,0,0,1,0,0,0,0,0,0,0,1,0,0,0,1.0
2020,1,TB,271.0,0.0,1.0,0.0,0.0,28.0,3.0,0.0,0.0,0.0,0,0,1,0,0,0,0,0,0,0,0,0,0,0,1,0,0,2.0
2020,1,TEN,323.0,0.0,0.0,0.0,0.0,14.0,2.0,1.0,0.0,0.0,0,0,0,1,0,0,0,0,0,0,0,0,1,0,0,0,0,3.0
2020,1,WAS,265.0,2.0,8.0,0.0,0.0,17.0,2.0,1.0,0.0,0.0,0,0,1,0,0,0,0,0,0,0,0,0,1,0,0,0,0,17.0
2020,2,ARI,316.0,0.0,4.0,0.0,0.0,15.0,2.0,2.0,0.0,0.0,0,0,0,1,0,0,0,0,0,0,0,0,1,0,0,0,0,9.0
2020,2,ATL,570.0,0.0,1.0,0.0,0.0,40.0,5.0,3.0,0.0,0.0,0,0,0,0,0,0,0,0,1,0,0,0,0,0,0,1,0,-3.0
2020,2,BAL,304.0,1.0,4.0,0.0,0.0,16.0,1.0,1.0,1.0,0.0,0,0,0,1,0,0,0,0,0,0,0,0,1,0,0,0,0,15.0
2020,2,BUF,412.0,0.0,3.0,0.0,0.0,28.0,3.0,0.0,0.0,0.0,0,0,0,0,0,1,0,0,0,0,0,0,0,0,1,0,0,-1.0
2020,2,CAR,339.0,1.0,0.0,0.0,0.0,31.0,4.0,1.0,0.0,0.0,0,0,0,1,0,0,0,0,0,0,0,0,0,0,1,0,0,3.0
2020,2,CHI,295.0,1.0,4.0,0.0,0.0,13.0,1.0,1.0,0.0,0.0,0,0,1,0,0,0,0,0,0,0,0,1,0,0,0,0,0,13.0
2020,2,CIN,434.0,1.0,0.0,0.0,0.0,35.0,5.0,0.0,0.0,0.0,0,0,0,0,0,1,0,0,0,0,0,0,0,0,0,1,0,-4.0
2020,2,CLE,353.0,0.0,3.0,0.0,0.0,30.0,3.0,1.0,0.0,0.0,0,0,0,0,1,0,0,0,0,0,0,0,0,0,1,0,0,3.0
2020,2,DAL,380.0,0.0,1.0,0.0,0.0,39.0,4.0,0.0,0.0,0.0,0,0,0,0,1,0,0,0,0,0,0,0,0,0,0,1,0,-3.0
2020,2,DEN,410.0,1.0,1.0,0.0,0.0,24.0,3.0,1.0,0.0,0.0,0,0,0,0,0,1,0,0,0,0,0,0,0,1,0,0,0,2.0
2020,2,DET,490.0,0.0,1.0,0.0,0.0,36.0,4.0,0.0,0.0,0.0,0,0,0,0,0,0,1,0,0,0,0,0,0,0,0,1,0,-7.0
2020,2,GB,307.0,1.0,4.0,0.0,0.0,21.0,3.0,0.0,1.0,0.0,0,0,0,1,0,0,0,0,0,0,0,0,0,1,0,0,0,12.0
2020,2,HOU,407.0,0.0,4.0,0.0,0.0,27.0,2.0,0.0,0.0,0.0,0,0,0,0,0,1,0,0,0,0,0,0,0,1,0,0,0,1.0
2020,2,IND,177.0,3.0,3.0,1.0,0.0,11.0,1.0,0.0,0.0,0.0,0,1,0,0,0,0,0,0,0,0,0,1,0,0,0,0,0,17.0
2020,2,JAX,354.0,0.0,1.0,0.0,0.0,33.0,4.0,0.0,0.0,0.0,0,0,0,0,1,0,0,0,0,0,0,0,0,0,1,0,0,-1.0
2020,2,KC,479.0,1.0,2.0,0.0,0.0,20.0,2.0,0.0,0.0,0.0,0,0,0,0,0,0,1,0,0,0,0,0,0,1,0,0,0,-1.0
2020,2,LA,363.0,2.0,0.0,0.0,0.0,19.0,2.0,1.0,0.0,0.0,0,0,0,0,1,0,0,0,0,0,0,0,0,1,0,0,0,5.0
2020,2,LAC,416.0,0.0,1.0,0.0,0.0,23.0,2.0,0.0,0.0,1.0,0,0,0,0,0,1,0,0,0,0,0,0,0,1,0,0,0,0.0
2020,2,LV,424.0,1.0,0.0,0.0,0.0,24.0,3.0,0.0,0.0,0.0,0,0,0,0,0,1,0,0,0,0,0,0,0,1,0,0,0,-1.0
2020,2,MIA,523.0,0.0,1.0,0.0,0.0,31.0,4.0,1.0,0.0,0.0,0,0,0,0,0,0,0,1,0,0,0,0,0,0,1,0,0,-4.0
2020,2,MIN,354.0,1.0,2.0,0.0,0.0,26.0,2.0,0.0,0.0,0.0,0,0,0,0,1,0,0,0,0,0,0,0,0,1,0,0,0,3.0
2020,2,NE,429.0,1.0,2.0,0.0,0.0,35.0,5.0,0.0,1.0,0.0,0,0,0,0,0,1,0,0,0,0,0,0,0,0,0,1,0,4.0
2020,2,NO,377.0,0.0,3.0,0.0,0.0,34.0,4.0,1.0,0.0,0.0,0,0,0,0,1,0,0,0,0,0,0,0,0,0,1,0,0,3.0
2020,2,NYG,304.0,2.0,4.0,0.0,0.0,17.0,2.0,0.0,0.0,0.0,0,0,0,1,0,0,0,0,0,0,0,0,1,0,0,0,0,9.0
2020,2,NYJ,359.0,1.0,3.0,0.0,0.0,31.0,4.0,0.0,0.0,0.0,0,0,0,0,1,0,0,0,0,0,0,0,0,0,1,0,0,3.0
2020,2,PHI,449.0,0.0,1.0,0.0,0.0,37.0,5.0,1.0,0.0,1.0,0,0,0,0,0,1,0,0,0,0,0,0,0,0,0,1,0,-1.0
2020,2,PIT,321.0,1.0,7.0,1.0,0.0,21.0,2.0,1.0,0.0,0.0,0,0,0,1,0,0,0,0,0,0,0,0,0,1,0,0,0,13.0
2020,2,SEA,464.0,1.0,1.0,0.0,0.0,24.0,3.0,0.0,0.0,0.0,0,0,0,0,0,0,1,0,0,0,0,0,0,1,0,0,0,-2.0
2020,2,SF,277.0,0.0,1.0,0.0,0.0,13.0,1.0,0.0,0.0,0.0,0,0,1,0,0,0,0,0,0,0,0,1,0,0,0,0,0,6.0
2020,2,TB,427.0,2.0,5.0,0.0,0.0,17.0,2.0,2.0,0.0,0.0,0,0,0,0,0,1,0,0,0,0,0,0,1,0,0,0,0,11.0
2020,2,TEN,480.0,2.0,2.0,0.0,0.0,30.0,4.0,0.0,0.0,0.0,0,0,0,0,0,0,1,0,0,0,0,0,0,0,1,0,0,0.0
2020,2,WAS,438.0,1.0,3.0,0.0,0.0,30.0,3.0,0.0,0.0,0.0,0,0,0,0,0,1,0,0,0,0,0,0,0,0,1,0,0,1.0
2020,3,ARI,322.0,0.0,4.0,0.0,0.0,26.0,2.0,0.0,0.0,0.0,0,0,0,1,0,0,0,0,0,0,0,0,0,1,0,0,0,4.0
2020,3,ATL,437.0,2.0,2.0,0.0,0.0,30.0,4.0,0.0,0.0,0.0,0,0,0,0,0,1,0,0,0,0,0,0,0,0,1,0,0,2.0
2020,3,BAL,517.0,0.0,0.0,0.0,0.0,34.0,5.0,1.0,1.0,0.0,0,0,0,0,0,0,0,1,0,0,0,0,0,0,1,0,0,1.0
2020,3,BUF,480.0,1.0,2.0,0.0,0.0,32.0,4.0,0.0,0.0,0.0,0,0,0,0,0,0,1,0,0,0,0,0,0,0,1,0,0,-2.0
2020,3,CAR,436.0,1.0,2.0,0.0,0.0,16.0,2.0,3.0,0.0,0.0,0,0,0,0,0,1,0,0,0,0,0,0,1,0,0,0,0,8.0
2020,3,CHI,371.0,1.0,2.0,0.0,0.0,26.0,3.0,0.0,0.0,0.0,0,0,0,0,1,0,0,0,0,0,0,0,0,1,0,0,0,3.0
2020,3,CIN,378.0,2.0,3.0,0.0,0.0,23.0,2.0,0.0,0.0,0.0,0,0,0,0,1,0,0,0,0,0,0,0,0,1,0,0,0,6.0
2020,3,CLE,309.0,3.0,3.0,0.0,0.0,20.0,3.0,2.0,0.0,0.0,0,0,0,1,0,0,0,0,0,0,0,0,0,1,0,0,0,13.0
2020,3,DAL,414.0,0.0,4.0,0.0,0.0,36.0,5.0,0.0,0.0,0.0,0,0,0,0,0,1,0,0,0,0,0,0,0,0,0,1,0,-2.0
2020,3,DEN,353.0,0.0,2.0,0.0,0.0,26.0,3.0,0.0,0.0,1.0,0,0,0,0,1,0,0,0,0,0,0,0,0,1,0,0,0,3.0
2020,3,DET,377.0,3.0,1.0,0.0,0.0,23.0,3.0,0.0,0.0,0.0,0,0,0,0,1,0,0,0,0,0,0,0,0,1,0,0,0,6.0
2020,3,GB,397.0,0.0,2.0,0.0,0.0,30.0,3.0,1.0,0.0,0.0,0,0,0,0,1,0,0,0,0,0,0,0,0,0,1,0,0,2.0
2020,3,HOU,389.0,0.0,2.0,0.0,0.0,28.0,3.0,0.0,0.0,0.0,0,0,0,0,1,0,0,0,0,0,0,0,0,0,1,0,0,0.0
2020,3,IND,260.0,3.0,2.0,1.0,0.0,7.0,1.0,0.0,2.0,0.0,0,0,1,0,0,0,0,0,0,0,0,1,0,0,0,0,0,27.0
2020,3,JAX,294.0,0.0,1.0,0.0,0.0,31.0,4.0,0.0,0.0,0.0,0,0,1,0,0,0,0,0,0,0,0,0,0,0,1,0,0,2.0
2020,3,KC,228.0,0.0,4.0,0.0,0.0,20.0,2.0,1.0,0.0,0.0,0,0,1,0,0,0,0,0,0,0,0,0,0,1,0,0,0,8.0
2020,3,LA,375.0,1.0,4.0,0.0,0.0,35.0,5.0,2.0,0.0,0.0,0,0,0,0,1,0,0,0,0,0,0,0,0,0,0,1,0,6.0
2020,3,LAC,302.0,0.0,2.0,0.0,0.0,21.0,1.0,0.0,0.0,1.0,0,0,0,1,0,0,0,0,0,0,0,0,0,1,0,0,0,4.0
2020,3,LV,406.0,1.0,2.0,0.0,0.0,30.0,3.0,0.0,0.0,0.0,0,0,0,0,0,1,0,0,0,0,0,0,0,0,1,0,0,0.0
2020,3,MIA,318.0,1.0,4.0,0.0,0.0,13.0,2.0,1.0,0.0,0.0,0,0,0,1,0,0,0,0,0,0,0,1,0,0,0,0,0,11.0
2020,3,MIN,444.0,1.0,2.0,0.0,0.0,31.0,2.0,0.0,0.0,0.0,0,0,0,0,0,1,0,0,0,0,0,0,0,0,1,0,0,0.0
2020,3,NE,375.0,0.0,2.0,0.0,0.0,20.0,2.0,3.0,1.0,0.0,0,0,0,0,1,0,0,0,0,0,0,0,0,1,0,0,0,13.0
2020,3,NO,369.0,0.0,1.0,0.0,0.0,37.0,4.0,0.0,0.0,0.0,0,0,0,0,1,0,0,0,0,0,0,0,0,0,0,1,0,-3.0
2020,3,NYG,420.0,0.0,2.0,0.0,0.0,36.0,4.0,0.0,0.0,0.0,0,0,0,0,0,1,0,0,0,0,0,0,0,0,0,1,0,-4.0
2020,3,NYJ,353.0,0.0,0.0,0.0,0.0,22.0,2.0,0.0,0.0,0.0,0,0,0,0,1,0,0,0,0,0,0,0,0,1,0,0,0,-1.0
2020,3,PHI,304.0,0.0,8.0,0.0,0.0,23.0,2.0,0.0,0.0,0.0,0,0,0,1,0,0,0,0,0,0,0,0,0,1,0,0,0,8.0
2020,3,PIT,260.0,1.0,5.0,0.0,0.0,21.0,3.0,0.0,0.0,0.0,0,0,1,0,0,0,0,0,0,0,0,0,0,1,0,0,0,9.0
2020,3,SEA,522.0,2.0,2.0,1.0,0.0,31.0,4.0,1.0,0.0,1.0,0,0,0,0,0,0,0,1,0,0,0,0,0,0,1,0,0,5.0
2020,3,SF,231.0,1.0,2.0,0.0,0.0,9.0,0.0,2.0,0.0,0.0,0,0,1,0,0,0,0,0,0,0,0,1,0,0,0,0,0,13.0
2020,3,TB,226.0,2.0,6.0,1.0,1.0,10.0,1.0,0.0,0.0,0.0,0,0,1,0,0,0,0,0,0,0,0,1,0,0,0,0,0,19.0
2020,3,TEN,464.0,2.0,2.0,0.0,0.0,30.0,4.0,1.0,0.0,0.0,0,0,0,0,0,0,1,0,0,0,0,0,0,0,1,0,0,2.0
2020,3,WAS,300.0,0.0,2.0,0.0,0.0,34.0,4.0,0.0,0.0,0.0,0,0,0,1,0,0,0,0,0,0,0,0,0,0,1,0,0,1.0
2020,4,ARI,444.0,1.0,0.0,0.0,0.0,31.0,4.0,0.0,0.0,0.0,0,0,0,0,0,1,0,0,0,0,0,0,0,0,1,0,0,-2.0
2020,4,ATL,403.0,0.0,1.0,0.0,0.0,30.0,4.0,0.0,0.0,0.0,0,0,0,0,0,1,0,0,0,0,0,0,0,0,1,0,0,-3.0
2020,4,BAL,343.0,0.0,3.0,0.0,0.0,17.0,2.0,1.0,0.0,0.0,0,0,0,1,0,0,0,0,0,0,0,0,1,0,0,0,0,6.0
2020,4,BUF,383.0,0.0,2.0,0.0,0.0,23.0,2.0,2.0,0.0,0.0,0,0,0,0,1,0,0,0,0,0,0,0,0,1,0,0,0,5.0
2020,4,CAR,262.0,0.0,1.0,0.0,0.0,21.0,3.0,1.0,0.0,0.0,0,0,1,0,0,0,0,0,0,0,0,0,0,1,0,0,0,5.0
2020,4,CHI,289.0,0.0,1.0,0.0,0.0,19.0,1.0,0.0,0.0,0.0,0,0,1,0,0,0,0,0,0,0,0,0,0,1,0,0,0,3.0
2020,4,CIN,429.0,1.0,3.0,0.0,0.0,25.0,2.0,0.0,0.0,0.0,0,0,0,0,0,1,0,0,0,0,0,0,0,1,0,0,0,2.0
2020,4,CLE,572.0,1.0,3.0,0.0,0.0,38.0,5.0,2.0,0.0,0.0,0,0,0,0,0,0,0,0,1,0,0,0,0,0,0,1,0,-1.0
2020,4,DAL,510.0,0.0,2.0,0.0,0.0,49.0,6.0,0.0,0.0,0.0,0,0,0,0,0,0,0,1,0,0,0,0,0,0,0,0,1,-9.0
2020,4,DEN,321.0,0.0,6.0,0.0,0.0,22.0,1.0,0.0,0.0,0.0,0,0,0,1,0,0,0,0,0,0,0,0,0,1,0,0,0,6.0
2020,4,DET,392.0,1.0,2.0,0.0,0.0,35.0,5.0,0.0,0.0,0.0,0,0,0,0,1,0,0,0,0,0,0,0,0,0,0,1,0,0.0
2020,4,GB,327.0,0.0,4.0,0.0,0.0,16.0,2.0,0.0,0.0,0.0,0,0,0,1,0,0,0,0,0,0,0,0,1,0,0,0,0,5.0
2020,4,HOU,410.0,0.0,3.0,0.0,0.0,31.0,4.0,0.0,0.0,0.0,0,0,0,0,0,1,0,0,0,0,0,0,0,0,1,0,0,-1.0
2020,4,IND,271.0,1.0,1.0,0.0,0.0,11.0,1.0,0.0,0.0,0.0,0,0,1,0,0,0,0,0,0,0,0,1,0,0,0,0,0,8.0
2020,4,JAX,505.0,1.0,1.0,0.0,0.0,33.0,3.0,0.0,0.0,0.0,0,0,0,0,0,0,0,1,0,0,0,0,0,0,1,0,0,-4.0
2020,4,KC,357.0,3.0,2.0,0.0,0.0,10.0,1.0,1.0,1.0,0.0,0,0,0,0,1,0,0,0,0,0,0,1,0,0,0,0,0,18.0
2020,4,LA,295.0,1.0,5.0,0.0,0.0,9.0,0.0,0.0,0.0,0.0,0,0,1,0,0,0,0,0,0,0,0,1,0,0,0,0,0,12.0
2020,4,LAC,484.0,1.0,0.0,0.0,0.0,38.0,5.0,0.0,1.0,0.0,0,0,0,0,0,0,1,0,0,0,0,0,0,0,0,1,0,0.0
2020,4,LV,337.0,0.0,1.0,0.0,0.0,30.0,4.0,0.0,0.0,0.0,0,0,0,1,0,0,0,0,0,0,0,0,0,0,1,0,0,0.0
2020,4,MIA,441.0,1.0,2.0,0.0,0.0,31.0,4.0,0.0,0.0,0.0,0,0,0,0,0,1,0,0,0,0,0,0,0,0,1,0,0,0.0
2020,4,MIN,386.0,0.0,3.0,0.0,0.0,23.0,2.0,1.0,0.0,0.0,0,0,0,0,1,0,0,0,0,0,0,0,0,1,0,0,0,4.0
2020,4,NE,323.0,0.0,1.0,0.0,0.0,20.0,2.0,1.0,0.0,0.0,0,0,0,1,0,0,0,0,0,0,0,0,0,1,0,0,0,3.0
2020,4,NO,283.0,1.0,3.0,0.0,0.0,29.0,4.0,0.0,0.0,0.0,0,0,1,0,0,0,0,0,0,0,0,0,0,0,1,0,0,6.0
2020,4,NYG,240.0,0.0,2.0,0.0,0.0,17.0,2.0,1.0,0.0,0.0,0,0,1,0,0,0,0,0,0,0,0,0,1,0,0,0,0,7.0
2020,4,NYJ,359.0,3.0,0.0,0.0,0.0,37.0,4.0,0.0,1.0,0.0,0,0,0,0,1,0,0,0,0,0,0,0,0,0,0,1,0,8.0
2020,4,PHI,417.0,2.0,5.0,0.0,0.0,20.0,3.0,1.0,1.0,0.0,0,0,0,0,0,1,0,0,0,0,0,0,0,1,0,0,0,14.0
2020,4,SEA,417.0,2.0,1.0,0.0,0.0,23.0,1.0,0.0,0.0,0.0,0,0,0,0,0,1,0,0,0,0,0,0,0,1,0,0,0,2.0
2020,4,SF,269.0,1.0,3.0,0.0,0.0,19.0,2.0,0.0,0.0,0.0,0,0,1,0,0,0,0,0,0,0,0,0,0,1,0,0,0,7.0
2020,4,TB,324.0,1.0,2.0,0.0,0.0,25.0,3.0,1.0,0.0,0.0,0,0,0,1,0,0,0,0,0,0,0,0,0,1,0,0,0,6.0
2020,4,WAS,350.0,2.0,1.0,0.0,0.0,31.0,4.0,0.0,0.0,0.0,0,0,0,0,1,0,0,0,0,0,0,0,0,0,1,0,0,3.0
2020,5,ARI,285.0,0.0,3.0,0.0,0.0,10.0,1.0,0.0,0.0,0.0,0,0,1,0,0,0,0,0,0,0,0,1,0,0,0,0,0,8.0
2020,5,ATL,437.0,0.0,0.0,0.0,0.0,23.0,2.0,0.0,0.0,0.0,0,0,0,0,0,1,0,0,0,0,0,0,0,1,0,0,0,-3.0
2020,5,BAL,205.0,1.0,7.0,0.0,0.0,3.0,0.0,2.0,1.0,0.0,0,0,1,0,0,0,0,0,0,0,1,0,0,0,0,0,0,25.0
2020,5,BUF,334.0,0.0,0.0,0.0,0.0,42.0,6.0,0.0,0.0,0.0,0,0,0,1,0,0,0,0,0,0,0,0,0,0,0,1,0,-3.0
2020,5,CAR,373.0,1.0,2.0,0.0,0.0,16.0,1.0,0.0,0.0,0.0,0,0,0,0,1,0,0,0,0,0,0,0,1,0,0,0,0,4.0
2020,5,CHI,339.0,0.0,3.0,0.0,0.0,19.0,1.0,1.0,0.0,0.0,0,0,0,1,0,0,0,0,0,0,0,0,0,1,0,0,0,5.0
2020,5,CIN,332.0,1.0,1.0,0.0,0.0,21.0,2.0,0.0,0.0,0.0,0,0,0,1,0,0,0,0,0,0,0,0,0,1,0,0,0,3.0
2020,5,CLE,308.0,2.0,1.0,1.0,0.0,23.0,2.0,0.0,1.0,0.0,0,0,0,1,0,0,0,0,0,0,0,0,0,1,0,0,0,13.0
2020,5,DAL,302.0,0.0,2.0,0.0,0.0,28.0,2.0,1.0,1.0,0.0,0,0,0,1,0,0,0,0,0,0,0,0,0,0,1,0,0,9.0
2020,5,HOU,364.0,0.0,4.0,0.0,0.0,14.0,2.0,2.0,0.0,0.0,0,0,0,0,1,0,0,0,0,0,0,0,1,0,0,0,0,8.0
2020,5,IND,385.0,2.0,1.0,0.0,0.0,24.0,2.0,0.0,1.0,0.0,0,0,0,0,1,0,0,0,0,0,0,0,0,1,0,0,0,10.0
2020,5,JAX,486.0,2.0,1.0,0.0,0.0,30.0,3.0,0.0,0.0,0.0,0,0,0,0,0,0,1,0,0,0,0,0,0,0,1,0,0,-1.0
2020,5,KC,490.0,1.0,1.0,0.0,0.0,40.0,5.0,0.0,0.0,0.0,0,0,0,0,0,0,1,0,0,0,0,0,0,0,0,1,0,-5.0
2020,5,LA,108.0,0.0,8.0,0.0,0.0,10.0,1.0,0.0,0.0,0.0,0,1,0,0,0,0,0,0,0,0,0,1,0,0,0,0,0,14.0
2020,5,LAC,408.0,1.0,2.0,0.0,0.0,30.0,3.0,0.0,0.0,0.0,0,0,0,0,0,1,0,0,0,0,0,0,0,0,1,0,0,0.0
2020,5,LV,415.0,1.0,3.0,0.0,0.0,32.0,4.0,0.0,0.0,0.0,0,0,0,0,0,1,0,0,0,0,0,0,0,0,1,0,0,1.0
2020,5,MIA,259.0,2.0,5.0,0.0,0.0,17.0,2.0,1.0,0.0,0.0,0,0,1,0,0,0,0,0,0,0,0,0,1,0,0,0,0,14.0
2020,5,MIN,314.0,1.0,4.0,0.0,0.0,27.0,4.0,0.0,0.0,0.0,0,0,0,1,0,0,0,0,0,0,0,0,0,1,0,0,0,6.0
2020,5,NO,350.0,0.0,3.0,0.0,0.0,27.0,4.0,0.0,0.0,0.0,0,0,0,0,1,0,0,0,0,0,0,0,0,1,0,0,0,2.0
2020,5,NYG,402.0,1.0,2.0,0.0,0.0,31.0,3.0,1.0,1.0,0.0,0,0,0,0,0,1,0,0,0,0,0,0,0,0,1,0,0,8.0
2020,5,NYJ,496.0,1.0,1.0,0.0,0.0,30.0,4.0,0.0,0.0,0.0,0,0,0,0,0,0,1,0,0,0,0,0,0,0,1,0,0,-3.0
2020,5,PHI,367.0,0.0,1.0,0.0,0.0,38.0,5.0,1.0,0.0,0.0,0,0,0,0,1,0,0,0,0,0,0,0,0,0,0,1,0,-1.0
2020,5,PIT,338.0,2.0,5.0,0.0,0.0,29.0,4.0,0.0,0.0,0.0,0,0,0,1,0,0,0,0,0,0,0,0,0,0,1,0,0,8.0
2020,5,SEA,449.0,1.0,3.0,0.0,0.0,26.0,3.0,1.0,0.0,0.0,0,0,0,0,0,1,0,0,0,0,0,0,0,1,0,0,0,4.0
2020,5,SF,436.0,0.0,2.0,0.0,0.0,43.0,4.0,0.0,0.0,0.0,0,0,0,0,0,1,0,0,0,0,0,0,0,0,0,1,0,-4.0
2020,5,TB,243.0,1.0,3.0,0.0,0.0,20.0,2.0,0.0,0.0,0.0,0,0,1,0,0,0,0,0,0,0,0,0,0,1,0,0,0,7.0
2020,5,TEN,370.0,2.0,1.0,0.0,0.0,16.0,2.0,1.0,0.0,0.0,0,0,0,0,1,0,0,0,0,0,0,0,1,0,0,0,0,7.0
2020,5,WAS,429.0,1.0,1.0,0.0,0.0,30.0,4.0,0.0,0.0,0.0,0,0,0,0,0,1,0,0,0,0,0,0,0,0,1,0,0,-1.0
2020,6,ARI,344.0,2.0,3.0,0.0,0.0,10.0,1.0,2.0,0.0,0.0,0,0,0,1,0,0,0,0,0,0,0,1,0,0,0,0,0,14.0
2020,6,ATL,369.0,3.0,1.0,0.0,0.0,23.0,3.0,0.0,0.0,0.0,0,0,0,0,1,0,0,0,0,0,0,0,0,1,0,0,0,6.0
2020,6,BAL,368.0,0.0,6.0,0.0,0.0,28.0,4.0,1.0,0.0,0.0,0,0,0,0,1,0,0,0,0,0,0,0,0,0,1,0,0,6.0
2020,6,BUF,466.0,0.0,1.0,0.0,0.0,26.0,3.0,1.0,0.0,0.0,0,0,0,0,0,0,1,0,0,0,0,0,0,1,0,0,0,-2.0
2020,6,CAR,261.0,1.0,0.0,0.0,0.0,23.0,2.0,0.0,0.0,0.0,0,0,1,0,0,0,0,0,0,0,0,0,0,1,0,0,0,4.0
2020,6,CHI,303.0,2.0,4.0,0.0,0.0,16.0,1.0,1.0,0.0,0.0,0,0,0,1,0,0,0,0,0,0,0,0,1,0,0,0,0,11.0
2020,6,CIN,430.0,1.0,1.0,0.0,0.0,31.0,4.0,1.0,0.0,0.0,0,0,0,0,0,1,0,0,0,0,0,0,0,0,1,0,0,1.0
2020,6,CLE,277.0,0.0,2.0,0.0,0.0,32.0,4.0,0.0,0.0,0.0,0,0,1,0,0,0,0,0,0,0,0,0,0,0,1,0,0,3.0
2020,6,DAL,438.0,0.0,1.0,0.0,0.0,38.0,5.0,0.0,0.0,0.0,0,0,0,0,0,1,0,0,0,0,0,0,0,0,0,1,0,-5.0
2020,6,DEN,288.0,2.0,4.0,0.0,0.0,12.0,1.0,1.0,0.0,0.0,0,0,1,0,0,0,0,0,0,0,0,1,0,0,0,0,0,15.0
2020,6,DET,275.0,1.0,1.0,0.0,0.0,16.0,2.0,1.0,0.0,0.0,0,0,1,0,0,0,0,0,0,0,0,0,1,0,0,0,0,8.0
2020,6,GB,324.0,0.0,0.0,0.0,0.0,32.0,4.0,0.0,0.0,0.0,0,0,0,1,0,0,0,0,0,0,0,0,0,0,1,0,0,-1.0
2020,6,HOU,609.0,1.0,2.0,0.0,0.0,42.0,6.0,1.0,0.0,1.0,0,0,0,0,0,0,0,0,1,0,0,0,0,0,0,1,0,-2.0
2020,6,IND,398.0,1.0,2.0,0.0,0.0,27.0,3.0,0.0,0.0,0.0,0,0,0,0,1,0,0,0,0,0,0,0,0,1,0,0,0,3.0
2020,6,JAX,403.0,1.0,0.0,0.0,0.0,34.0,4.0,0.0,0.0,0.0,0,0,0,0,0,1,0,0,0,0,0,0,0,0,1,0,0,-2.0
2020,6,KC,206.0,1.0,0.0,0.0,0.0,17.0,2.0,0.0,0.0,0.0,0,0,1,0,0,0,0,0,0,0,0,0,1,0,0,0,0,5.0
2020,6,LA,390.0,0.0,0.0,0.0,0.0,24.0,3.0,0.0,0.0,0.0,0,0,0,0,1,0,0,0,0,0,0,0,0,1,0,0,0,-1.0
2020,6,MIA,263.0,1.0,3.0,0.0,0.0,0.0,0.0,0.0,0.0,0.0,0,0,1,0,0,0,0,0,0,1,0,0,0,0,0,0,0,12.0
2020,6,MIN,462.0,0.0,2.0,0.0,0.0,40.0,4.0,1.0,0.0,0.0,0,0,0,0,0,0,1,0,0,0,0,0,0,0,0,1,0,-4.0
2020,6,NE,299.0,2.0,2.0,0.0,0.0,18.0,0.0,0.0,0.0,0.0,0,0,1,0,0,0,0,0,0,0,0,0,0,1,0,0,0,8.0
2020,6,NYG,337.0,1.0,3.0,0.0,0.0,19.0,2.0,1.0,1.0,0.0,0,0,0,1,0,0,0,0,0,0,0,0,0,1,0,0,0,13.0
2020,6,NYJ,302.0,2.0,2.0,0.0,0.0,24.0,3.0,0.0,0.0,0.0,0,0,0,1,0,0,0,0,0,0,0,0,0,1,0,0,0,6.0
2020,6,PHI,355.0,0.0,3.0,0.0,0.0,30.0,3.0,0.0,0.0,0.0,0,0,0,0,1,0,0,0,0,0,0,0,0,0,1,0,0,1.0
2020,6,PIT,220.0,2.0,4.0,0.0,0.0,7.0,1.0,0.0,1.0,0.0,0,0,1,0,0,0,0,0,0,0,0,1,0,0,0,0,0,19.0
2020,6,SF,311.0,1.0,0.0,0.0,0.0,16.0,2.0,0.0,0.0,1.0,0,0,0,1,0,0,0,0,0,0,0,0,1,0,0,0,0,5.0
2020,6,TB,201.0,2.0,5.0,0.0,0.0,10.0,1.0,0.0,1.0,0.0,0,0,1,0,0,0,0,0,0,0,0,1,0,0,0,0,0,20.0
2020,6,TEN,412.0,0.0,2.0,0.0,0.0,36.0,5.0,0.0,0.0,0.0,0,0,0,0,0,1,0,0,0,0,0,0,0,0,0,1,0,-4.0
2020,6,WAS,240.0,1.0,1.0,0.0,0.0,14.0,1.0,0.0,0.0,0.0,0,0,1,0,0,0,0,0,0,0,0,0,1,0,0,0,0,6.0
2020,7,ARI,572.0,3.0,2.0,0.0,0.0,34.0,4.0,0.0,0.0,0.0,0,0,0,0,0,0,0,0,1,0,0,0,0,0,1,0,0,0.0
2020,7,ATL,386.0,0.0,2.0,0.0,0.0,23.0,2.0,0.0,0.0,0.0,0,0,0,0,1,0,0,0,0,0,0,0,0,1,0,0,0,1.0
2020,7,BUF,191.0,2.0,6.0,0.0,0.0,10.0,1.0,0.0,0.0,0.0,0,1,0,0,0,0,0,0,0,0,0,1,0,0,0,0,0,16.0
2020,7,CAR,415.0,0.0,1.0,0.0,0.0,27.0,3.0,1.0,0.0,0.0,0,0,0,0,0,1,0,0,0,0,0,0,0,1,0,0,0,0.0
2020,7,CHI,371.0,0.0,1.0,0.0,0.0,24.0,3.0,1.0,1.0,1.0,0,0,0,0,1,0,0,0,0,0,0,0,0,1,0,0,0,10.0
2020,7,CIN,398.0,1.0,0.0,0.0,0.0,37.0,5.0,0.0,0.0,0.0,0,0,0,0,1,0,0,0,0,0,0,0,0,0,0,1,0,-2.0
2020,7,CLE,468.0,1.0,4.0,0.0,0.0,34.0,4.0,1.0,0.0,0.0,0,0,0,0,0,0,1,0,0,0,0,0,0,0,1,0,0,2.0
2020,7,DAL,397.0,0.0,2.0,0.0,0.0,23.0,3.0,0.0,0.0,0.0,0,0,0,0,1,0,0,0,0,0,0,0,0,1,0,0,0,1.0
2020,7,DEN,286.0,0.0,4.0,0.0,0.0,37.0,4.0,1.0,0.0,0.0,0,0,1,0,0,0,0,0,0,0,0,0,0,0,0,1,0,5.0
2020,7,DET,390.0,0.0,2.0,0.0,0.0,22.0,3.0,1.0,0.0,0.0,0,0,0,0,1,0,0,0,0,0,0,0,0,1,0,0,0,3.0
2020,7,GB,365.0,0.0,3.0,0.0,0.0,20.0,2.0,1.0,0.0,0.0,0,0,0,0,1,0,0,0,0,0,0,0,0,1,0,0,0,4.0
2020,7,HOU,379.0,0.0,0.0,0.0,1.0,35.0,5.0,0.0,0.0,0.0,0,0,0,0,1,0,0,0,0,0,0,0,0,0,0,1,0,-2.0
2020,7,JAX,484.0,0.0,1.0,0.0,1.0,39.0,5.0,0.0,1.0,0.0,0,0,0,0,0,0,1,0,0,0,0,0,0,0,0,1,0,1.0
2020,7,KC,411.0,2.0,3.0,0.0,0.0,16.0,2.0,2.0,2.0,0.0,0,0,0,0,0,1,0,0,0,0,0,0,1,0,0,0,0,21.0
2020,7,LA,279.0,2.0,4.0,0.0,0.0,4.0,0.0,0.0,0.0,0.0,0,0,1,0,0,0,0,0,0,0,1,0,0,0,0,0,0,14.0
2020,7,LAC,298.0,0.0,5.0,0.0,0.0,29.0,4.0,1.0,0.0,0.0,0,0,1,0,0,0,0,0,0,0,0,0,0,0,1,0,0,8.0
2020,7,LV,454.0,0.0,0.0,0.0,0.0,45.0,6.0,0.0,0.0,0.0,0,0,0,0,0,0,1,0,0,0,0,0,0,0,0,1,0,-8.0
2020,7,NE,467.0,2.0,1.0,0.0,0.0,33.0,4.0,0.0,0.0,1.0,0,0,0,0,0,0,1,0,0,0,0,0,0,0,1,0,0,1.0
2020,7,NO,283.0,0.0,1.0,0.0,0.0,24.0,3.0,0.0,0.0,0.0,0,0,1,0,0,0,0,0,0,0,0,0,0,1,0,0,0,3.0
2020,7,NYG,442.0,1.0,3.0,0.0,0.0,22.0,3.0,0.0,0.0,0.0,0,0,0,0,0,1,0,0,0,0,0,0,0,1,0,0,0,2.0
2020,7,NYJ,422.0,0.0,2.0,0.0,0.0,18.0,0.0,1.0,0.0,0.0,0,0,0,0,0,1,0,0,0,0,0,0,0,1,0,0,0,1.0
2020,7,PHI,325.0,1.0,3.0,0.0,0.0,21.0,3.0,2.0,0.0,0.0,0,0,0,1,0,0,0,0,0,0,0,0,0,1,0,0,0,9.0
2020,7,PIT,292.0,0.0,2.0,0.0,0.0,24.0,3.0,0.0,0.0,0.0,0,0,1,0,0,0,0,0,0,0,0,0,0,1,0,0,0,4.0
2020,7,SEA,519.0,1.0,0.0,0.0,0.0,37.0,4.0,1.0,0.0,0.0,0,0,0,0,0,0,0,1,0,0,0,0,0,0,0,1,0,-5.0
2020,7,SF,241.0,4.0,2.0,0.0,0.0,6.0,0.0,0.0,0.0,0.0,0,0,1,0,0,0,0,0,0,0,1,0,0,0,0,0,0,16.0
2020,7,TB,347.0,1.0,3.0,0.0,0.0,20.0,2.0,0.0,0.0,0.0,0,0,0,1,0,0,0,0,0,0,0,0,0,1,0,0,0,5.0
2020,7,TEN,362.0,3.0,0.0,0.0,0.0,27.0,3.0,0.0,0.0,0.0,0,0,0,0,1,0,0,0,0,0,0,0,0,1,0,0,0,5.0
2020,7,WAS,142.0,1.0,6.0,1.0,0.0,3.0,0.0,0.0,0.0,0.0,0,1,0,0,0,0,0,0,0,0,1,0,0,0,0,0,0,17.0
2020,8,ATL,304.0,1.0,3.0,0.0,0.0,17.0,2.0,0.0,0.0,0.0,0,0,0,1,0,0,0,0,0,0,0,0,1,0,0,0,0,6.0
2020,8,BAL,221.0,0.0,2.0,0.0,0.0,22.0,3.0,1.0,0.0,0.0,0,0,1,0,0,0,0,0,0,0,0,0,0,1,0,0,0,6.0
2020,8,BUF,351.0,0.0,2.0,0.0,0.0,21.0,2.0,1.0,0.0,0.0,0,0,0,0,1,0,0,0,0,0,0,0,0,1,0,0,0,3.0
2020,8,CAR,401.0,1.0,2.0,0.0,0.0,25.0,2.0,0.0,0.0,0.0,0,0,0,0,0,1,0,0,0,0,0,0,0,1,0,0,0,1.0
2020,8,CHI,394.0,0.0,1.0,0.0,0.0,26.0,2.0,0.0,0.0,0.0,0,0,0,0,1,0,0,0,0,0,0,0,0,1,0,0,0,0.0
2020,8,CIN,441.0,1.0,1.0,0.0,0.0,20.0,3.0,0.0,0.0,0.0,0,0,0,0,0,1,0,0,0,0,0,0,0,1,0,0,0,0.0
2020,8,CLE,309.0,0.0,2.0,0.0,0.0,16.0,1.0,0.0,0.0,0.0,0,0,0,1,0,0,0,0,0,0,0,0,1,0,0,0,0,3.0
2020,8,DAL,224.0,2.0,4.0,0.0,0.0,15.0,2.0,2.0,0.0,0.0,0,0,1,0,0,0,0,0,0,0,0,0,1,0,0,0,0,15.0
2020,8,DEN,485.0,2.0,2.0,0.0,0.0,30.0,3.0,0.0,0.0,0.0,0,0,0,0,0,0,1,0,0,0,0,0,0,0,1,0,0,0.0
2020,8,DET,368.0,0.0,2.0,0.0,1.0,35.0,5.0,0.0,0.0,0.0,0,0,0,0,1,0,0,0,0,0,0,0,0,0,0,1,0,0.0
2020,8,GB,324.0,0.0,1.0,0.0,0.0,28.0,4.0,0.0,0.0,0.0,0,0,0,1,0,0,0,0,0,0,0,0,0,0,1,0,0,0.0
2020,8,IND,326.0,1.0,5.0,0.0,0.0,21.0,3.0,1.0,1.0,0.0,0,0,0,1,0,0,0,0,0,0,0,0,0,1,0,0,0,15.0
2020,8,KC,221.0,0.0,1.0,0.0,0.0,9.0,0.0,1.0,0.0,1.0,0,0,1,0,0,0,0,0,0,0,0,1,0,0,0,0,0,10.0
2020,8,LA,145.0,0.0,1.0,0.0,0.0,16.0,2.0,2.0,0.0,0.0,0,1,0,0,0,0,0,0,0,0,0,0,1,0,0,0,0,9.0
2020,8,LAC,351.0,1.0,2.0,0.0,0.0,31.0,4.0,0.0,0.0,0.0,0,0,0,0,1,0,0,0,0,0,0,0,0,0,1,0,0,2.0
2020,8,LV,223.0,0.0,0.0,0.0,0.0,6.0,0.0,1.0,0.0,0.0,0,0,1,0,0,0,0,0,0,0,1,0,0,0,0,0,0,8.0
2020,8,MIA,471.0,2.0,2.0,0.0,0.0,17.0,2.0,2.0,2.0,0.0,0,0,0,0,0,0,1,0,0,0,0,0,1,0,0,0,0,18.0
2020,8,MIN,402.0,0.0,1.0,0.0,0.0,22.0,3.0,1.0,0.0,0.0,0,0,0,0,0,1,0,0,0,0,0,0,0,1,0,0,0,0.0
2020,8,NE,339.0,1.0,1.0,0.0,0.0,24.0,3.0,0.0,0.0,0.0,0,0,0,1,0,0,0,0,0,0,0,0,0,1,0,0,0,3.0
2020,8,NO,329.0,1.0,5.0,0.0,0.0,23.0,2.0,0.0,0.0,0.0,0,0,0,1,0,0,0,0,0,0,0,0,0,1,0,0,0,7.0
2020,8,NYG,344.0,0.0,2.0,0.0,0.0,25.0,2.0,1.0,0.0,0.0,0,0,0,1,0,0,0,0,0,0,0,0,0,1,0,0,0,4.0
2020,8,NYJ,496.0,0.0,0.0,0.0,0.0,35.0,5.0,0.0,0.0,0.0,0,0,0,0,0,0,1,0,0,0,0,0,0,0,0,1,0,-8.0
2020,8,PHI,265.0,0.0,4.0,1.0,0.0,9.0,0.0,2.0,1.0,0.0,0,0,1,0,0,0,0,0,0,0,0,1,0,0,0,0,0,21.0
2020,8,PIT,457.0,2.0,4.0,0.0,0.0,24.0,3.0,2.0,1.0,0.0,0,0,0,0,0,0,1,0,0,0,0,0,0,1,0,0,0,13.0
2020,8,SEA,351.0,1.0,3.0,0.0,0.0,27.0,4.0,1.0,0.0,0.0,0,0,0,0,1,0,0,0,0,0,0,0,0,1,0,0,0,6.0
2020,8,SF,350.0,0.0,2.0,0.0,0.0,37.0,5.0,0.0,0.0,0.0,0,0,0,0,1,0,0,0,0,0,0,0,0,0,0,1,0,-2.0
2020,8,TB,357.0,2.0,3.0,0.0,0.0,23.0,3.0,0.0,0.0,0.0,0,0,0,0,1,0,0,0,0,0,0,0,0,1,0,0,0,6.0
2020,8,TEN,367.0,0.0,0.0,0.0,0.0,31.0,4.0,0.0,0.0,0.0,0,0,0,0,1,0,0,0,0,0,0,0,0,0,1,0,0,-2.0
2020,9,ARI,312.0,0.0,3.0,0.0,0.0,28.0,3.0,0.0,0.0,0.0,0,0,0,1,0,0,0,0,0,0,0,0,0,0,1,0,0,2.0
2020,9,ATL,405.0,1.0,1.0,0.0,0.0,27.0,3.0,0.0,0.0,0.0,0,0,0,0,0,1,0,0,0,0,0,0,0,1,0,0,0,0.0
2020,9,BAL,339.0,1.0,0.0,0.0,0.0,10.0,1.0,1.0,1.0,0.0,0,0,0,1,0,0,0,0,0,0,0,1,0,0,0,0,0,13.0
2020,9,BUF,419.0,2.0,5.0,0.0,0.0,34.0,4.0,2.0,0.0,0.0,0,0,0,0,0,1,0,0,0,0,0,0,0,0,1,0,0,9.0
2020,9,CAR,397.0,0.0,2.0,0.0,0.0,33.0,4.0,1.0,0.0,0.0,0,0,0,0,1,0,0,0,0,0,0,0,0,0,1,0,0,2.0
2020,9,CHI,228.0,0.0,3.0,0.0,0.0,18.0,2.0,0.0,0.0,0.0,0,0,1,0,0,0,0,0,0,0,0,0,0,1,0,0,0,5.0
2020,9,DAL,355.0,0.0,0.0,0.0,0.0,24.0,3.0,0.0,0.0,1.0,0,0,0,0,1,0,0,0,0,0,0,0,0,1,0,0,0,1.0
2020,9,DEN,363.0,1.0,2.0,0.0,0.0,34.0,4.0,0.0,0.0,0.0,0,0,0,0,1,0,0,0,0,0,0,0,0,0,1,0,0,2.0
2020,9,DET,487.0,0.0,1.0,0.0,2.0,34.0,5.0,0.0,0.0,0.0,0,0,0,0,0,0,1,0,0,0,0,0,0,0,1,0,0,-1.0
2020,9,GB,337.0,1.0,1.0,0.0,0.0,17.0,2.0,1.0,0.0,0.0,0,0,0,1,0,0,0,0,0,0,0,0,1,0,0,0,0,6.0
2020,9,HOU,403.0,1.0,2.0,0.0,0.0,25.0,3.0,0.0,0.0,0.0,0,0,0,0,0,1,0,0,0,0,0,0,0,1,0,0,0,1.0
2020,9,IND,266.0,0.0,2.0,0.0,0.0,18.0,2.0,1.0,0.0,0.0,0,0,1,0,0,0,0,0,0,0,0,0,0,1,0,0,0,6.0
2020,9,JAX,374.0,0.0,2.0,0.0,0.0,27.0,3.0,1.0,0.0,0.0,0,0,0,0,1,0,0,0,0,0,0,0,0,1,0,0,0,3.0
2020,9,KC,435.0,0.0,2.0,0.0,0.0,31.0,4.0,0.0,0.0,0.0,0,0,0,0,0,1,0,0,0,0,0,0,0,0,1,0,0,-2.0
2020,9,LAC,320.0,0.0,1.0,0.0,0.0,31.0,4.0,1.0,0.0,0.0,0,0,0,1,0,0,0,0,0,0,0,0,0,0,1,0,0,2.0
2020,9,LV,440.0,0.0,2.0,0.0,0.0,26.0,3.0,1.0,0.0,0.0,0,0,0,0,0,1,0,0,0,0,0,0,0,1,0,0,0,1.0
2020,9,MIA,442.0,0.0,1.0,0.0,0.0,31.0,4.0,1.0,1.0,0.0,0,0,0,0,0,1,0,0,0,0,0,0,0,0,1,0,0,5.0
2020,9,MIN,421.0,3.0,2.0,0.0,0.0,20.0,2.0,0.0,0.0,0.0,0,0,0,0,0,1,0,0,0,0,0,0,0,1,0,0,0,5.0
2020,9,NE,322.0,1.0,1.0,0.0,0.0,27.0,3.0,0.0,0.0,0.0,0,0,0,1,0,0,0,0,0,0,0,0,0,1,0,0,0,3.0
2020,9,NO,194.0,3.0,3.0,0.0,0.0,3.0,0.0,0.0,0.0,0.0,0,1,0,0,0,0,0,0,0,0,1,0,0,0,0,0,0,16.0
2020,9,NYG,402.0,3.0,2.0,0.0,0.0,20.0,2.0,1.0,0.0,0.0,0,0,0,0,0,1,0,0,0,0,0,0,0,1,0,0,0,7.0
2020,9,NYJ,433.0,0.0,0.0,0.0,0.0,30.0,3.0,0.0,0.0,0.0,0,0,0,0,0,1,0,0,0,0,0,0,0,0,1,0,0,-4.0
2020,9,PIT,364.0,1.0,2.0,0.0,0.0,19.0,1.0,1.0,0.0,0.0,0,0,0,0,1,0,0,0,0,0,0,0,0,1,0,0,0,5.0
2020,9,SEA,420.0,0.0,7.0,0.0,0.0,44.0,5.0,0.0,0.0,0.0,0,0,0,0,0,1,0,0,0,0,0,0,0,0,0,1,0,1.0
2020,9,SF,405.0,0.0,1.0,0.0,0.0,34.0,4.0,0.0,0.0,0.0,0,0,0,0,0,1,0,0,0,0,0,0,0,0,1,0,0,-3.0
2020,9,TB,420.0,0.0,1.0,0.0,0.0,38.0,5.0,2.0,0.0,0.0,0,0,0,0,0,1,0,0,0,0,0,0,0,0,0,1,0,-1.0
2020,9,TEN,375.0,0.0,3.0,0.0,0.0,17.0,2.0,2.0,1.0,0.0,0,0,0,0,1,0,0,0,0,0,0,0,1,0,0,0,0,13.0
2020,9,WAS,350.0,0.0,5.0,0.0,0.0,23.0,2.0,1.0,0.0,0.0,0,0,0,0,1,0,0,0,0,0,0,0,0,1,0,0,0,6.0
2020,10,ARI,369.0,2.0,0.0,0.0,0.0,30.0,3.0,0.0,0.0,0.0,0,0,0,0,1,0,0,0,0,0,0,0,0,0,1,0,0,2.0
2020,10,BAL,308.0,0.0,1.0,0.0,0.0,23.0,3.0,0.0,0.0,0.0,0,0,0,1,0,0,0,0,0,0,0,0,0,1,0,0,0,1.0
2020,10,BUF,453.0,1.0,3.0,0.0,0.0,32.0,3.0,1.0,0.0,0.0,0,0,0,0,0,0,1,0,0,0,0,0,0,0,1,0,0,1.0
2020,10,CAR,544.0,0.0,1.0,0.0,0.0,46.0,5.0,1.0,0.0,1.0,0,0,0,0,0,0,0,1,0,0,0,0,0,0,0,0,1,-6.0
2020,10,CHI,385.0,1.0,1.0,0.0,0.0,19.0,2.0,1.0,1.0,0.0,0,0,0,0,1,0,0,0,0,0,0,0,0,1,0,0,0,10.0
2020,10,CIN,377.0,0.0,0.0,0.0,0.0,36.0,4.0,0.0,0.0,0.0,0,0,0,0,1,0,0,0,0,0,0,0,0,0,0,1,0,-4.0
2020,10,CLE,243.0,0.0,2.0,0.0,0.0,7.0,1.0,0.0,0.0,0.0,0,0,1,0,0,0,0,0,0,0,0,1,0,0,0,0,0,7.0
2020,10,DEN,357.0,0.0,0.0,0.0,0.0,37.0,4.0,0.0,0.0,0.0,0,0,0,0,1,0,0,0,0,0,0,0,0,0,0,1,0,-4.0
2020,10,DET,464.0,0.0,2.0,0.0,0.0,27.0,3.0,1.0,0.0,0.0,0,0,0,0,0,0,1,0,0,0,0,0,0,1,0,0,0,-1.0
2020,10,GB,260.0,1.0,3.0,0.0,0.0,14.0,1.0,0.0,0.0,0.0,0,0,1,0,0,0,0,0,0,0,0,0,1,0,0,0,0,8.0
2020,10,HOU,356.0,0.0,1.0,0.0,0.0,10.0,1.0,0.0,0.0,0.0,0,0,0,0,1,0,0,0,0,0,0,1,0,0,0,0,0,3.0
2020,10,IND,294.0,0.0,1.0,0.0,1.0,17.0,2.0,0.0,1.0,0.0,0,0,1,0,0,0,0,0,0,0,0,0,1,0,0,0,0,12.0
2020,10,JAX,395.0,1.0,1.0,0.0,0.0,24.0,3.0,1.0,1.0,0.0,0,0,0,0,1,0,0,0,0,0,0,0,0,1,0,0,0,10.0
2020,10,LA,333.0,2.0,6.0,0.0,0.0,16.0,1.0,1.0,0.0,0.0,0,0,0,1,0,0,0,0,0,0,0,0,1,0,0,0,0,13.0
2020,10,LAC,280.0,0.0,0.0,0.0,0.0,29.0,3.0,1.0,0.0,0.0,0,0,1,0,0,0,0,0,0,0,0,0,0,0,1,0,0,3.0
2020,10,LV,313.0,4.0,2.0,0.0,0.0,12.0,1.0,1.0,0.0,0.0,0,0,0,1,0,0,0,0,0,0,0,1,0,0,0,0,0,15.0
2020,10,MIA,273.0,1.0,2.0,0.0,1.0,21.0,3.0,0.0,0.0,0.0,0,0,1,0,0,0,0,0,0,0,0,0,0,1,0,0,0,8.0
2020,10,MIN,149.0,1.0,2.0,0.0,0.0,13.0,1.0,1.0,0.0,0.0,0,1,0,0,0,0,0,0,0,0,0,1,0,0,0,0,0,12.0
2020,10,NE,357.0,1.0,2.0,0.0,0.0,17.0,2.0,0.0,0.0,0.0,0,0,0,0,1,0,0,0,0,0,0,0,1,0,0,0,0,4.0
2020,10,NO,281.0,2.0,2.0,0.0,0.0,13.0,1.0,2.0,0.0,0.0,0,0,1,0,0,0,0,0,0,0,0,1,0,0,0,0,0,15.0
2020,10,NYG,348.0,0.0,3.0,0.0,0.0,17.0,2.0,0.0,0.0,0.0,0,0,0,1,0,0,0,0,0,0,0,0,1,0,0,0,0,4.0
2020,10,PHI,382.0,0.0,3.0,0.0,0.0,27.0,3.0,0.0,0.0,0.0,0,0,0,0,1,0,0,0,0,0,0,0,0,1,0,0,0,2.0
2020,10,PIT,324.0,0.0,4.0,0.0,0.0,10.0,1.0,2.0,0.0,0.0,0,0,0,1,0,0,0,0,0,0,0,1,0,0,0,0,0,11.0
2020,10,SEA,389.0,0.0,3.0,0.0,0.0,23.0,3.0,1.0,0.0,0.0,0,0,0,0,1,0,0,0,0,0,0,0,0,1,0,0,0,4.0
2020,10,SF,237.0,0.0,3.0,0.0,0.0,27.0,3.0,2.0,0.0,0.0,0,0,1,0,0,0,0,0,0,0,0,0,0,1,0,0,0,9.0
2020,10,TB,187.0,1.0,3.0,0.0,0.0,23.0,3.0,0.0,0.0,0.0,0,1,0,0,0,0,0,0,0,0,0,0,0,1,0,0,0,8.0
2020,10,TEN,430.0,0.0,1.0,0.0,0.0,34.0,4.0,0.0,0.0,0.0,0,0,0,0,0,1,0,0,0,0,0,0,0,0,1,0,0,-3.0
2020,10,WAS,372.0,0.0,1.0,0.0,0.0,30.0,3.0,0.0,0.0,0.0,0,0,0,0,1,0,0,0,0,0,0,0,0,0,1,0,0,-1.0
2020,11,ARI,347.0,0.0,3.0,0.0,0.0,26.0,3.0,0.0,0.0,0.0,0,0,0,1,0,0,0,0,0,0,0,0,0,1,0,0,0,3.0
2020,11,ATL,376.0,0.0,3.0,0.0,0.0,24.0,3.0,1.0,0.0,0.0,0,0,0,0,1,0,0,0,0,0,0,0,0,1,0,0,0,4.0
2020,11,BAL,425.0,1.0,2.0,0.0,0.0,30.0,3.0,0.0,0.0,0.0,0,0,0,0,0,1,0,0,0,0,0,0,0,0,1,0,0,0.0
2020,11,CAR,185.0,0.0,5.0,0.0,0.0,0.0,0.0,1.0,0.0,0.0,0,1,0,0,0,0,0,0,0,1,0,0,0,0,0,0,0,15.0
2020,11,CIN,325.0,1.0,2.0,0.0,0.0,20.0,2.0,0.0,0.0,0.0,0,0,0,1,0,0,0,0,0,0,0,0,0,1,0,0,0,4.0
2020,11,CLE,315.0,2.0,5.0,1.0,0.0,17.0,2.0,1.0,1.0,0.0,0,0,0,1,0,0,0,0,0,0,0,0,1,0,0,0,0,20.0
2020,11,DAL,430.0,0.0,2.0,0.0,0.0,28.0,4.0,2.0,0.0,0.0,0,0,0,0,0,1,0,0,0,0,0,0,0,0,1,0,0,2.0
2020,11,DEN,223.0,1.0,6.0,0.0,0.0,13.0,1.0,0.0,0.0,0.0,0,0,1,0,0,0,0,0,0,0,0,1,0,0,0,0,0,13.0
2020,11,DET,374.0,2.0,1.0,0.0,0.0,20.0,2.0,0.0,0.0,0.0,0,0,0,0,1,0,0,0,0,0,0,0,0,1,0,0,0,4.0
2020,11,GB,422.0,1.0,1.0,0.0,0.0,34.0,3.0,1.0,0.0,0.0,0,0,0,0,0,1,0,0,0,0,0,0,0,0,1,0,0,1.0
2020,11,HOU,435.0,0.0,2.0,0.0,0.0,20.0,2.0,0.0,0.0,0.0,0,0,0,0,0,1,0,0,0,0,0,0,0,1,0,0,0,-1.0
2020,11,IND,367.0,1.0,1.0,0.0,0.0,31.0,4.0,3.0,0.0,0.0,0,0,0,0,1,0,0,0,0,0,0,0,0,0,1,0,0,7.0
2020,11,JAX,373.0,1.0,0.0,0.0,0.0,27.0,3.0,0.0,0.0,0.0,0,0,0,0,1,0,0,0,0,0,0,0,0,1,0,0,0,1.0
2020,11,KC,364.0,1.0,0.0,0.0,0.0,31.0,4.0,0.0,0.0,0.0,0,0,0,0,1,0,0,0,0,0,0,0,0,0,1,0,0,0.0
2020,11,LA,251.0,2.0,1.0,0.0,0.0,24.0,3.0,0.0,0.0,0.0,0,0,1,0,0,0,0,0,0,0,0,0,0,1,0,0,0,7.0
2020,11,LAC,292.0,1.0,1.0,0.0,0.0,26.0,4.0,0.0,1.0,0.0,0,0,1,0,0,0,0,0,0,0,0,0,0,1,0,0,0,11.0
2020,11,LV,460.0,1.0,0.0,0.0,0.0,35.0,5.0,0.0,0.0,0.0,0,0,0,0,0,0,1,0,0,0,0,0,0,0,0,1,0,-6.0
2020,11,MIA,459.0,1.0,0.0,0.0,0.0,20.0,2.0,1.0,0.0,0.0,0,0,0,0,0,0,1,0,0,0,0,0,0,1,0,0,0,-1.0
2020,11,MIN,378.0,1.0,1.0,0.0,0.0,31.0,4.0,0.0,0.0,1.0,0,0,0,0,1,0,0,0,0,0,0,0,0,0,1,0,0,3.0
2020,11,NE,399.0,0.0,0.0,0.0,0.0,27.0,3.0,0.0,0.0,0.0,0,0,0,0,1,0,0,0,0,0,0,0,0,1,0,0,0,-1.0
2020,11,NO,248.0,2.0,8.0,0.0,0.0,9.0,0.0,0.0,0.0,0.0,0,0,1,0,0,0,0,0,0,0,0,1,0,0,0,0,0,17.0
2020,11,NYJ,376.0,0.0,3.0,1.0,1.0,28.0,3.0,1.0,0.0,0.0,0,0,0,0,1,0,0,0,0,0,0,0,0,0,1,0,0,7.0
2020,11,PHI,324.0,0.0,3.0,0.0,0.0,14.0,1.0,1.0,0.0,1.0,0,0,0,1,0,0,0,0,0,0,0,0,1,0,0,0,0,8.0
2020,11,PIT,206.0,4.0,2.0,0.0,0.0,3.0,0.0,0.0,0.0,0.0,0,0,1,0,0,0,0,0,0,0,1,0,0,0,0,0,0,16.0
2020,11,SEA,314.0,0.0,3.0,1.0,0.0,21.0,3.0,0.0,0.0,0.0,0,0,0,1,0,0,0,0,0,0,0,0,0,1,0,0,0,5.0
2020,11,TB,413.0,2.0,0.0,0.0,0.0,27.0,3.0,0.0,0.0,0.0,0,0,0,0,0,1,0,0,0,0,0,0,0,1,0,0,0,1.0
2020,11,TEN,308.0,1.0,1.0,0.0,0.0,24.0,2.0,0.0,0.0,0.0,0,0,0,1,0,0,0,0,0,0,0,0,0,1,0,0,0,3.0
2020,11,WAS,272.0,1.0,4.0,0.0,0.0,9.0,1.0,1.0,0.0,0.0,0,0,1,0,0,0,0,0,0,0,0,1,0,0,0,0,0,13.0
2020,12,ARI,179.0,2.0,3.0,0.0,0.0,20.0,2.0,0.0,0.0,0.0,0,1,0,0,0,0,0,0,0,0,0,0,0,1,0,0,0,10.0
2020,12,ATL,243.0,1.0,5.0,0.0,0.0,6.0,0.0,4.0,1.0,0.0,0,0,1,0,0,0,0,0,0,0,1,0,0,0,0,0,0,27.0
2020,12,BAL,334.0,1.0,0.0,0.0,0.0,13.0,1.0,1.0,0.0,0.0,0,0,0,1,0,0,0,0,0,0,0,1,0,0,0,0,0,7.0
2020,12,BUF,369.0,1.0,3.0,0.0,0.0,17.0,2.0,0.0,0.0,0.0,0,0,0,0,1,0,0,0,0,0,0,0,1,0,0,0,0,5.0
2020,12,CAR,389.0,0.0,2.0,0.0,0.0,28.0,3.0,3.0,2.0,0.0,0,0,0,0,1,0,0,0,0,0,0,0,0,0,1,0,0,18.0
2020,12,CHI,393.0,0.0,0.0,0.0,0.0,35.0,5.0,0.0,0.0,0.0,0,0,0,0,1,0,0,0,0,0,0,0,0,0,0,1,0,-4.0
2020,12,CIN,386.0,0.0,0.0,0.0,0.0,19.0,1.0,1.0,1.0,0.0,0,0,0,0,1,0,0,0,0,0,0,0,0,1,0,0,0,7.0
2020,12,CLE,375.0,0.0,0.0,0.0,0.0,25.0,3.0,0.0,0.0,0.0,0,0,0,0,1,0,0,0,0,0,0,0,0,1,0,0,0,-1.0
2020,12,DAL,338.0,1.0,3.0,0.0,0.0,35.0,4.0,0.0,0.0,0.0,0,0,0,1,0,0,0,0,0,0,0,0,0,0,0,1,0,2.0
2020,12,DEN,292.0,1.0,3.0,0.0,0.0,31.0,4.0,0.0,0.0,0.0,0,0,1,0,0,0,0,0,0,0,0,0,0,0,1,0,0,6.0
2020,12,DET,386.0,0.0,2.0,0.0,0.0,35.0,4.0,1.0,0.0,0.0,0,0,0,0,1,0,0,0,0,0,0,0,0,0,0,1,0,0.0
2020,12,GB,352.0,2.0,3.0,0.0,0.0,25.0,3.0,1.0,1.0,0.0,0,0,0,0,1,0,0,0,0,0,0,0,0,1,0,0,0,14.0
2020,12,HOU,390.0,1.0,4.0,0.0,0.0,25.0,3.0,2.0,1.0,0.0,0,0,0,0,1,0,0,0,0,0,0,0,0,1,0,0,0,15.0
2020,12,IND,449.0,0.0,1.0,0.0,0.0,45.0,6.0,0.0,0.0,0.0,0,0,0,0,0,1,0,0,0,0,0,0,0,0,0,1,0,-5.0
2020,12,JAX,459.0,0.0,2.0,0.0,0.0,27.0,3.0,1.0,0.0,0.0,0,0,0,0,0,0,1,0,0,0,0,0,0,1,0,0,0,-1.0
2020,12,KC,417.0,2.0,1.0,0.0,0.0,24.0,3.0,0.0,0.0,0.0,0,0,0,0,0,1,0,0,0,0,0,0,0,1,0,0,0,2.0
2020,12,LA,345.0,1.0,2.0,0.0,0.0,17.0,1.0,2.0,1.0,0.0,0,0,0,1,0,0,0,0,0,0,0,0,1,0,0,0,0,15.0
2020,12,LAC,332.0,1.0,3.0,0.0,0.0,27.0,3.0,2.0,0.0,0.0,0,0,0,1,0,0,0,0,0,0,0,0,0,1,0,0,0,9.0
2020,12,LV,304.0,1.0,1.0,0.0,0.0,37.0,3.0,0.0,0.0,0.0,0,0,0,1,0,0,0,0,0,0,0,0,0,0,0,1,0,0.0
2020,12,MIA,260.0,2.0,3.0,0.0,0.0,3.0,0.0,0.0,0.0,0.0,0,0,1,0,0,0,0,0,0,0,1,0,0,0,0,0,0,13.0
2020,12,MIN,374.0,1.0,0.0,0.0,0.0,15.0,1.0,0.0,0.0,1.0,0,0,0,0,1,0,0,0,0,0,0,0,1,0,0,0,0,4.0
2020,12,NE,298.0,1.0,2.0,0.0,0.0,17.0,2.0,0.0,0.0,0.0,0,0,1,0,0,0,0,0,0,0,0,0,1,0,0,0,0,7.0
2020,12,NO,112.0,2.0,1.0,0.0,0.0,3.0,0.0,1.0,0.0,0.0,0,1,0,0,0,0,0,0,0,0,1,0,0,0,0,0,0,14.0
2020,12,NYG,155.0,1.0,2.0,0.0,0.0,17.0,2.0,2.0,0.0,0.0,0,1,0,0,0,0,0,0,0,0,0,0,1,0,0,0,0,12.0
2020,12,NYJ,345.0,0.0,4.0,0.0,0.0,20.0,2.0,2.0,0.0,0.0,0,0,0,1,0,0,0,0,0,0,0,0,0,1,0,0,0,8.0
2020,12,PHI,301.0,0.0,2.0,0.0,0.0,23.0,2.0,0.0,0.0,0.0,0,0,0,1,0,0,0,0,0,0,0,0,0,1,0,0,0,2.0
2020,12,PIT,219.0,1.0,3.0,0.0,0.0,14.0,2.0,1.0,1.0,0.0,0,0,1,0,0,0,0,0,0,0,0,0,1,0,0,0,0,16.0
2020,12,SEA,252.0,1.0,6.0,0.0,0.0,17.0,2.0,0.0,0.0,0.0,0,0,1,0,0,0,0,0,0,0,0,0,1,0,0,0,0,11.0
2020,12,SF,308.0,2.0,2.0,0.0,0.0,14.0,1.0,2.0,1.0,0.0,0,0,0,1,0,0,0,0,0,0,0,0,1,0,0,0,0,17.0
2020,12,TB,543.0,0.0,2.0,0.0,0.0,27.0,3.0,1.0,0.0,0.0,0,0,0,0,0,0,0,1,0,0,0,0,0,1,0,0,0,-2.0
2020,12,TEN,336.0,1.0,2.0,0.0,0.0,26.0,4.0,0.0,1.0,0.0,0,0,0,1,0,0,0,0,0,0,0,0,0,1,0,0,0,10.0
2020,12,WAS,247.0,1.0,4.0,0.0,0.0,16.0,1.0,1.0,1.0,0.0,0,0,1,0,0,0,0,0,0,0,0,0,1,0,0,0,0,17.0
2020,13,ARI,463.0,0.0,1.0,0.0,0.0,32.0,4.0,1.0,0.0,0.0,0,0,0,0,0,0,1,0,0,0,0,0,0,0,1,0,0,-3.0
2020,13,ATL,424.0,0.0,2.0,0.0,0.0,21.0,3.0,1.0,0.0,0.0,0,0,0,0,0,1,0,0,0,0,0,0,0,1,0,0,0,1.0
2020,13,BAL,388.0,1.0,1.0,0.0,0.0,17.0,2.0,0.0,0.0,0.0,0,0,0,0,1,0,0,0,0,0,0,0,1,0,0,0,0,3.0
2020,13,BUF,402.0,2.0,0.0,0.0,0.0,24.0,3.0,0.0,0.0,0.0,0,0,0,0,0,1,0,0,0,0,0,0,0,1,0,0,0,1.0
2020,13,CHI,460.0,1.0,2.0,0.0,0.0,34.0,5.0,0.0,0.0,0.0,0,0,0,0,0,0,1,0,0,0,0,0,0,0,1,0,0,-2.0
2020,13,CIN,406.0,0.0,0.0,0.0,0.0,19.0,1.0,1.0,0.0,0.0,0,0,0,0,0,1,0,0,0,0,0,0,0,1,0,0,0,-1.0
2020,13,CLE,433.0,1.0,3.0,0.0,0.0,35.0,5.0,2.0,0.0,0.0,0,0,0,0,0,1,0,0,0,0,0,0,0,0,0,1,0,3.0
2020,13,DAL,401.0,1.0,0.0,0.0,0.0,34.0,4.0,0.0,0.0,0.0,0,0,0,0,0,1,0,0,0,0,0,0,0,0,1,0,0,-2.0
2020,13,DEN,447.0,0.0,1.0,0.0,0.0,22.0,1.0,0.0,0.0,0.0,0,0,0,0,0,1,0,0,0,0,0,0,0,1,0,0,0,-2.0
2020,13,DET,389.0,0.0,2.0,0.0,0.0,30.0,4.0,1.0,0.0,1.0,0,0,0,0,1,0,0,0,0,0,0,0,0,0,1,0,0,4.0
2020,13,GB,278.0,1.0,7.0,0.0,0.0,10.0,1.0,0.0,0.0,0.0,0,0,1,0,0,0,0,0,0,0,0,1,0,0,0,0,0,14.0
2020,13,HOU,371.0,0.0,3.0,0.0,0.0,24.0,3.0,0.0,0.0,0.0,0,0,0,0,1,0,0,0,0,0,0,0,0,1,0,0,0,2.0
2020,13,IND,398.0,1.0,5.0,1.0,0.0,20.0,2.0,1.0,0.0,0.0,0,0,0,0,1,0,0,0,0,0,0,0,0,1,0,0,0,10.0
2020,13,JAX,420.0,1.0,4.0,0.0,0.0,25.0,3.0,1.0,1.0,0.0,0,0,0,0,0,1,0,0,0,0,0,0,0,1,0,0,0,11.0
2020,13,KC,330.0,2.0,0.0,0.0,0.0,16.0,2.0,0.0,0.0,0.0,0,0,0,1,0,0,0,0,0,0,0,0,1,0,0,0,0,5.0
2020,13,LA,232.0,1.0,2.0,0.0,0.0,28.0,4.0,1.0,1.0,0.0,0,0,1,0,0,0,0,0,0,0,0,0,0,0,1,0,0,13.0
2020,13,LAC,291.0,0.0,1.0,0.0,0.0,39.0,5.0,0.0,0.0,0.0,0,0,1,0,0,0,0,0,0,0,0,0,0,0,0,1,0,0.0
2020,13,LV,378.0,1.0,3.0,0.0,0.0,28.0,4.0,2.0,0.0,0.0,0,0,0,0,1,0,0,0,0,0,0,0,0,0,1,0,0,7.0
2020,13,MIA,196.0,2.0,6.0,0.0,0.0,7.0,1.0,0.0,0.0,0.0,0,1,0,0,0,0,0,0,0,0,0,1,0,0,0,0,0,16.0
2020,13,MIN,392.0,2.0,2.0,1.0,0.0,18.0,2.0,2.0,0.0,0.0,0,0,0,0,1,0,0,0,0,0,0,0,0,1,0,0,0,11.0
2020,13,NE,258.0,2.0,3.0,0.0,0.0,0.0,0.0,0.0,2.0,1.0,0,0,1,0,0,0,0,0,0,1,0,0,0,0,0,0,0,28.0
2020,13,NO,332.0,0.0,3.0,0.0,0.0,16.0,1.0,1.0,0.0,0.0,0,0,0,1,0,0,0,0,0,0,0,0,1,0,0,0,0,6.0
2020,13,NYG,327.0,1.0,5.0,0.0,0.0,10.0,1.0,1.0,0.0,0.0,0,0,0,1,0,0,0,0,0,0,0,1,0,0,0,0,0,12.0
2020,13,NYJ,440.0,1.0,2.0,0.0,0.0,31.0,4.0,1.0,0.0,0.0,0,0,0,0,0,1,0,0,0,0,0,0,0,0,1,0,0,2.0
2020,13,PHI,437.0,0.0,2.0,0.0,0.0,30.0,4.0,0.0,1.0,0.0,0,0,0,0,0,1,0,0,0,0,0,0,0,0,1,0,0,4.0
2020,13,PIT,318.0,0.0,3.0,0.0,0.0,23.0,2.0,0.0,0.0,0.0,0,0,0,1,0,0,0,0,0,0,0,0,0,1,0,0,0,3.0
2020,13,SEA,292.0,1.0,2.0,1.0,1.0,17.0,2.0,0.0,0.0,0.0,0,0,1,0,0,0,0,0,0,0,0,0,1,0,0,0,0,11.0
2020,13,SF,449.0,0.0,1.0,0.0,0.0,34.0,4.0,1.0,0.0,0.0,0,0,0,0,0,1,0,0,0,0,0,0,0,0,1,0,0,-1.0
2020,13,TEN,458.0,0.0,0.0,0.0,0.0,41.0,5.0,1.0,0.0,0.0,0,0,0,0,0,0,1,0,0,0,0,0,0,0,0,1,0,-6.0
2020,13,WAS,326.0,1.0,0.0,0.0,0.0,17.0,2.0,0.0,0.0,0.0,0,0,0,1,0,0,0,0,0,0,0,0,1,0,0,0,0,3.0
2020,14,ARI,159.0,0.0,8.0,0.0,0.0,7.0,1.0,3.0,0.0,0.0,0,1,0,0,0,0,0,0,0,0,0,1,0,0,0,0,0,20.0
2020,14,ATL,345.0,1.0,1.0,0.0,0.0,20.0,2.0,0.0,0.0,0.0,0,0,0,1,0,0,0,0,0,0,0,0,0,1,0,0,0,3.0
2020,14,BAL,495.0,1.0,0.0,1.0,0.0,42.0,6.0,0.0,0.0,0.0,0,0,0,0,0,0,1,0,0,0,0,0,0,0,0,1,0,-4.0
2020,14,BUF,226.0,2.0,1.0,0.0,0.0,15.0,2.0,0.0,1.0,0.0,0,0,1,0,0,0,0,0,0,0,0,0,1,0,0,0,0,14.0
2020,14,CAR,365.0,0.0,1.0,0.0,0.0,26.0,4.0,1.0,0.0,0.0,0,0,0,0,1,0,0,0,0,0,0,0,0,1,0,0,0,2.0
2020,14,CHI,263.0,0.0,7.0,1.0,0.0,7.0,1.0,2.0,0.0,0.0,0,0,1,0,0,0,0,0,0,0,0,1,0,0,0,0,0,18.0
2020,14,CIN,272.0,0.0,2.0,0.0,0.0,24.0,2.0,0.0,0.0,0.0,0,0,1,0,0,0,0,0,0,0,0,0,0,1,0,0,0,4.0
2020,14,CLE,387.0,0.0,4.0,0.0,0.0,45.0,6.0,0.0,0.0,1.0,0,0,0,0,1,0,0,0,0,0,0,0,0,0,0,1,0,2.0
2020,14,DAL,309.0,0.0,2.0,0.0,0.0,7.0,1.0,3.0,1.0,0.0,0,0,0,1,0,0,0,0,0,0,0,1,0,0,0,0,0,17.0
2020,14,DEN,370.0,0.0,4.0,0.0,0.0,27.0,3.0,0.0,1.0,0.0,0,0,0,0,1,0,0,0,0,0,0,0,0,1,0,0,0,9.0
2020,14,DET,410.0,0.0,0.0,0.0,0.0,31.0,4.0,0.0,0.0,0.0,0,0,0,0,0,1,0,0,0,0,0,0,0,0,1,0,0,-4.0
2020,14,GB,293.0,0.0,4.0,0.0,0.0,24.0,3.0,0.0,0.0,0.0,0,0,1,0,0,0,0,0,0,0,0,0,0,1,0,0,0,6.0
2020,14,HOU,410.0,0.0,3.0,0.0,0.0,34.0,4.0,0.0,0.0,0.0,0,0,0,0,0,1,0,0,0,0,0,0,0,0,1,0,0,-1.0
2020,14,IND,424.0,2.0,0.0,0.0,0.0,27.0,3.0,1.0,1.0,0.0,0,0,0,0,0,1,0,0,0,0,0,0,0,1,0,0,0,9.0
2020,14,JAX,454.0,0.0,1.0,0.0,0.0,31.0,4.0,1.0,0.0,0.0,0,0,0,0,0,0,1,0,0,0,0,0,0,0,1,0,0,-3.0
2020,14,KC,367.0,1.0,4.0,1.0,0.0,27.0,3.0,0.0,1.0,0.0,0,0,0,0,1,0,0,0,0,0,0,0,0,1,0,0,0,13.0
2020,14,LA,220.0,1.0,6.0,0.0,0.0,3.0,0.0,0.0,1.0,0.0,0,0,1,0,0,0,0,0,0,0,1,0,0,0,0,0,0,20.0
2020,14,LAC,319.0,3.0,2.0,0.0,0.0,17.0,2.0,0.0,0.0,0.0,0,0,0,1,0,0,0,0,0,0,0,0,1,0,0,0,0,9.0
2020,14,LV,456.0,0.0,0.0,0.0,0.0,38.0,4.0,0.0,0.0,0.0,0,0,0,0,0,0,1,0,0,0,0,0,0,0,0,1,0,-8.0
2020,14,MIA,448.0,3.0,3.0,0.0,0.0,25.0,3.0,1.0,0.0,0.0,0,0,0,0,0,1,0,0,0,0,0,0,0,1,0,0,0,8.0
2020,14,MIN,303.0,0.0,0.0,0.0,0.0,26.0,3.0,0.0,0.0,0.0,0,0,0,1,0,0,0,0,0,0,0,0,0,1,0,0,0,0.0
2020,14,NE,318.0,1.0,1.0,0.0,0.0,18.0,2.0,0.0,0.0,0.0,0,0,0,1,0,0,0,0,0,0,0,0,0,1,0,0,0,3.0
2020,14,NO,413.0,0.0,0.0,0.0,0.0,24.0,3.0,1.0,0.0,0.0,0,0,0,0,0,1,0,0,0,0,0,0,0,1,0,0,0,-1.0
2020,14,NYG,390.0,0.0,1.0,0.0,0.0,26.0,2.0,0.0,0.0,0.0,0,0,0,0,1,0,0,0,0,0,0,0,0,1,0,0,0,0.0
2020,14,NYJ,410.0,1.0,1.0,0.0,0.0,40.0,5.0,0.0,0.0,0.0,0,0,0,0,0,1,0,0,0,0,0,0,0,0,0,1,0,-3.0
2020,14,PHI,358.0,1.0,5.0,0.0,0.0,21.0,3.0,1.0,0.0,0.0,0,0,0,0,1,0,0,0,0,0,0,0,0,1,0,0,0,8.0
2020,14,PIT,334.0,1.0,1.0,0.0,0.0,20.0,2.0,1.0,0.0,0.0,0,0,0,1,0,0,0,0,0,0,0,0,0,1,0,0,0,5.0
2020,14,SEA,185.0,0.0,3.0,0.0,0.0,3.0,0.0,1.0,0.0,0.0,0,1,0,0,0,0,0,0,0,0,1,0,0,0,0,0,0,12.0
2020,14,SF,193.0,1.0,2.0,0.0,0.0,11.0,0.0,0.0,0.0,0.0,0,1,0,0,0,0,0,0,0,0,0,1,0,0,0,0,0,10.0
2020,14,TB,337.0,0.0,6.0,0.0,0.0,14.0,2.0,1.0,0.0,0.0,0,0,0,1,0,0,0,0,0,0,0,0,1,0,0,0,0,9.0
2020,14,TEN,354.0,1.0,0.0,0.0,0.0,10.0,1.0,0.0,0.0,1.0,0,0,0,0,1,0,0,0,0,0,0,1,0,0,0,0,0,6.0
2020,14,WAS,346.0,1.0,4.0,0.0,0.0,15.0,2.0,2.0,2.0,0.0,0,0,0,1,0,0,0,0,0,0,0,0,1,0,0,0,0,23.0
